feature,importance
EDAD,0.2365008884628218
CAPNOMETRIA_TRANSFERENCIA,0.18067101570291566
IMC,0.15606976877708564
ADRENALINA_N,0.1512741257617257
CAPNOMETRIA_TRANSFERENCIA_MISSING,0.05482731296312668
GRUPO_SANGUINEO,0.05276658248522031
CAUSA_FALLECIMIENTO_DANC,0.048402946972320886
COLESTEROL,0.04800935722484654
CARDIOCOMPRESION_EXTRAHOSPITALARIA,0.047423628101285364
SEXO,0.012986324428873314
RECUPERACION_ALGUN_MOMENTO,0.011068049119778166
ADRENALINA_N_MISSING,0.0
