feature,importance
CAPNOMETRIA_TRANSFERENCIA,0.20031628624739445
ADRENALINA_N,0.15679491239079954
EDAD,0.1412201478375641
IMC,0.12627015570547218
GRUPO_SANGUINEO,0.0772591104814627
COLESTEROL,0.07337816741863079
CARDIOCOMPRESION_EXTRAHOSPITALARIA,0.06955562863734151
CAUSA_FALLECIMIENTO_DANC,0.06495147391600493
CAPNOMETRIA_TRANSFERENCIA_MISSING,0.04471673303886616
SEXO,0.02695939187201132
RECUPERACION_ALGUN_MOMENTO,0.018577992454452293
ADRENALINA_N_MISSING,0.0
