feature,importance
EDAD,0.18458064375438907
ADRENALINA_N,0.15771772949550208
CAPNOMETRIA_MEDIO,0.14010335031133916
IMC,0.12186803091465202
CAUSA_FALLECIMIENTO_DANC,0.11820243689787586
CAPNOMETRIA_MEDIO_MISSING,0.06779881257394123
COLESTEROL,0.05381177711400623
CARDIOCOMPRESION_EXTRAHOSPITALARIA,0.05174116476302305
GRUPO_SANGUINEO,0.04728736957283025
RECUPERACION_ALGUN_MOMENTO,0.036840635445011746
SEXO,0.020048049157429415
ADRENALINA_N_MISSING,0.0
