feature,importance
ADRENALINA_N,0.21479022953406945
EDAD,0.18140364673597792
IMC,0.16683922383974514
COLESTEROL,0.12824068520796972
CAPNOMETRIA_MEDIO,0.09989672608921976
GRUPO_SANGUINEO,0.09706891142316484
CAUSA_FALLECIMIENTO_DANC,0.03733606259095667
CARDIOCOMPRESION_EXTRAHOSPITALARIA,0.031675376865155105
CAPNOMETRIA_MEDIO_MISSING,0.026612398563576396
RECUPERACION_ALGUN_MOMENTO,0.014047205961263682
SEXO,0.002089533188901247
ADRENALINA_N_MISSING,0.0
