feature,importance
EDAD,0.20366827636267945
IMC,0.1662633823409836
ADRENALINA_N,0.15527798011510974
CAPNOMETRIA_MEDIO,0.14064581511413907
GRUPO_SANGUINEO,0.08253053860335872
CARDIOCOMPRESION_EXTRAHOSPITALARIA,0.07138447858485196
COLESTEROL,0.057147755204075446
CAUSA_FALLECIMIENTO_DANC,0.05407804765558646
SEXO,0.02750925667464124
CAPNOMETRIA_MEDIO_MISSING,0.022202348647737624
RECUPERACION_ALGUN_MOMENTO,0.019292120696836692
ADRENALINA_N_MISSING,0.0
