feature,importance
EDAD,0.2356159374505871
CAPNOMETRIA_MEDIO,0.18562679250469036
IMC,0.15686535277598265
ADRENALINA_N,0.14096903087967128
GRUPO_SANGUINEO,0.0959944478619375
COLESTEROL,0.058162299086538964
CARDIOCOMPRESION_EXTRAHOSPITALARIA,0.04912610251403331
CAUSA_FALLECIMIENTO_DANC,0.040771748665928
CAPNOMETRIA_MEDIO_MISSING,0.014170029614779929
SEXO,0.011416531406392955
RECUPERACION_ALGUN_MOMENTO,0.01128172723945785
ADRENALINA_N_MISSING,0.0
