mean_fit_time,std_fit_time,mean_score_time,std_score_time,param_model__C,params,split0_test_score,split1_test_score,split2_test_score,split3_test_score,split4_test_score,split5_test_score,split6_test_score,split7_test_score,split8_test_score,split9_test_score,mean_test_score,std_test_score,rank_test_score
0.01786179542541504,0.005180405098546759,0.009313201904296875,0.004504328509081681,0.01,{'model__C': 0.01},0.8,0.4,0.4,0.8,0.0,0.8571428571428571,0.6666666666666666,0.6666666666666666,0.5,0.5,0.559047619047619,0.2445895261068616,4
0.019196248054504393,0.005714964927311322,0.011267495155334473,0.004519772952930741,0.1,{'model__C': 0.1},0.6666666666666666,0.4,0.4,0.8,0.0,0.8571428571428571,0.8,0.6666666666666666,0.5,0.6666666666666666,0.5757142857142857,0.24567413846989505,3
0.018633651733398437,0.006195872359547253,0.012204480171203614,0.0036200209001778076,1.0,{'model__C': 1},0.6666666666666666,0.5,0.4,0.8,0.0,0.8571428571428571,0.8,0.6666666666666666,0.6666666666666666,0.6666666666666666,0.6023809523809525,0.23955031567814014,1
0.021448183059692382,0.0032077770646957784,0.012152862548828126,0.0023432389998719796,10.0,{'model__C': 10},0.6666666666666666,0.5,0.4,0.8,0.0,0.8571428571428571,0.8,0.6666666666666666,0.6666666666666666,0.6666666666666666,0.6023809523809525,0.23955031567814014,1
