mean_fit_time,std_fit_time,mean_score_time,std_score_time,param_model__C,params,split0_test_score,split1_test_score,split2_test_score,split3_test_score,split4_test_score,split5_test_score,split6_test_score,split7_test_score,split8_test_score,split9_test_score,mean_test_score,std_test_score,rank_test_score
0.005473613739013672,0.00720418090351226,0.003908920288085938,0.006232951685153234,0.01,{'model__C': 0.01},0.8,0.4,0.4,0.8,0.0,0.8571428571428571,0.6666666666666666,0.6666666666666666,0.5,0.5,0.559047619047619,0.2445895261068616,4
0.006504154205322266,0.0070091032567612685,0.002501845359802246,0.004651105917370569,0.1,{'model__C': 0.1},0.6666666666666666,0.4,0.4,0.8,0.0,0.8571428571428571,0.8,0.6666666666666666,0.5,0.6666666666666666,0.5757142857142857,0.24567413846989505,3
0.009959530830383301,0.008225901973666929,0.00029878616333007814,0.0008963584899902344,1.0,{'model__C': 1},0.6666666666666666,0.5,0.4,0.8,0.0,0.8571428571428571,0.8,0.6666666666666666,0.6666666666666666,0.6666666666666666,0.6023809523809525,0.23955031567814014,1
0.007834219932556152,0.00708893575757108,0.003672671318054199,0.00612999987127972,10.0,{'model__C': 10},0.6666666666666666,0.5,0.4,0.8,0.0,0.8571428571428571,0.8,0.6666666666666666,0.6666666666666666,0.6666666666666666,0.6023809523809525,0.23955031567814014,1
