mean_fit_time,std_fit_time,mean_score_time,std_score_time,param_model__C,params,split0_test_score,split1_test_score,split2_test_score,split3_test_score,split4_test_score,split5_test_score,split6_test_score,split7_test_score,split8_test_score,split9_test_score,mean_test_score,std_test_score,rank_test_score
0.009001755714416504,0.004702865768767102,0.009900331497192383,0.004101847632511951,0.01,{'model__C': 0.01},0.8,0.4,0.4,0.8,0.0,0.8571428571428571,0.6666666666666666,0.6666666666666666,0.5,0.5,0.559047619047619,0.2445895261068616,4
0.014589905738830566,0.008312910594122105,0.008118867874145508,0.003091127711406006,0.1,{'model__C': 0.1},0.6666666666666666,0.4,0.4,0.8,0.0,0.8571428571428571,0.8,0.6666666666666666,0.5,0.6666666666666666,0.5757142857142857,0.24567413846989505,3
0.016945433616638184,0.006937005508730575,0.009567356109619141,0.002582117949879281,1.0,{'model__C': 1},0.6666666666666666,0.5,0.4,0.8,0.0,0.8571428571428571,0.8,0.6666666666666666,0.6666666666666666,0.6666666666666666,0.6023809523809525,0.23955031567814014,1
0.014749717712402344,0.005455849456055306,0.009610986709594727,0.006220769172204193,10.0,{'model__C': 10},0.6666666666666666,0.5,0.4,0.8,0.0,0.8571428571428571,0.8,0.6666666666666666,0.6666666666666666,0.6666666666666666,0.6023809523809525,0.23955031567814014,1
