mean_fit_time,std_fit_time,mean_score_time,std_score_time,param_model__C,params,split0_test_score,split1_test_score,split2_test_score,split3_test_score,split4_test_score,split5_test_score,split6_test_score,split7_test_score,split8_test_score,split9_test_score,mean_test_score,std_test_score,rank_test_score
0.007562994956970215,0.0017375150237626986,0.0038918256759643555,0.0007007618835720085,0.01,{'model__C': 0.01},0.8,0.4,0.4,0.8,0.0,0.8571428571428571,0.6666666666666666,0.6666666666666666,0.5,0.5,0.559047619047619,0.2445895261068616,4
0.0052098512649536135,0.0008626179053059889,0.003283858299255371,0.00031636597125465806,0.1,{'model__C': 0.1},0.6666666666666666,0.4,0.4,0.8,0.0,0.8571428571428571,0.8,0.6666666666666666,0.5,0.6666666666666666,0.5757142857142857,0.24567413846989505,3
0.006788778305053711,0.0015661007061828483,0.004204344749450683,0.0010307613662066248,1.0,{'model__C': 1},0.6666666666666666,0.5,0.4,0.8,0.0,0.8571428571428571,0.8,0.6666666666666666,0.6666666666666666,0.6666666666666666,0.6023809523809525,0.23955031567814014,1
0.009995770454406739,0.002759394967280992,0.003945159912109375,0.0008107968649176511,10.0,{'model__C': 10},0.6666666666666666,0.5,0.4,0.8,0.0,0.8571428571428571,0.8,0.6666666666666666,0.6666666666666666,0.6666666666666666,0.6023809523809525,0.23955031567814014,1
