mean_fit_time,std_fit_time,mean_score_time,std_score_time,param_model__C,params,split0_test_score,split1_test_score,split2_test_score,split3_test_score,split4_test_score,split5_test_score,split6_test_score,split7_test_score,split8_test_score,split9_test_score,mean_test_score,std_test_score,rank_test_score
0.016284537315368653,0.0015950239543915566,0.010048532485961914,0.0010007854607165015,0.01,{'model__C': 0.01},0.8,0.4,0.0,1.0,0.0,0.6666666666666666,0.8,0.4,0.5,0.6666666666666666,0.5233333333333333,0.3162453337380824,2
0.016976261138916017,0.0029432478471020356,0.011157608032226563,0.0019348929558558193,0.1,{'model__C': 0.1},0.8,0.4,0.0,1.0,0.0,0.8571428571428571,1.0,0.4,0.5,0.6666666666666666,0.5623809523809524,0.35020207966064315,1
0.020818805694580077,0.005033000260015663,0.010776400566101074,0.0009903246406255935,1.0,{'model__C': 1},0.5,0.5,0.0,0.8,0.0,0.8571428571428571,1.0,0.4,0.5,0.6666666666666666,0.5223809523809524,0.31627831539502615,3
0.022372174263000488,0.0017839204866259186,0.009885406494140625,0.001246152490043965,10.0,{'model__C': 10},0.5,0.5,0.0,0.5,0.0,1.0,1.0,0.6666666666666666,0.5,0.5,0.5166666666666666,0.32015621187164245,4
