feature,importance
EDAD,0.20743838468673245
IMC,0.1729630528476354
CAPNOMETRIA_MEDIO,0.1633503060617395
ADRENALINA_N,0.15724427074725544
CAUSA_FALLECIMIENTO_DANC,0.09658027630928738
GRUPO_SANGUINEO,0.06524090670310195
COLESTEROL,0.05269971938281565
CARDIOCOMPRESION_EXTRAHOSPITALARIA,0.03835372356675861
CAPNOMETRIA_MEDIO_MISSING,0.02279940961774682
SEXO,0.013582731903787408
RECUPERACION_ALGUN_MOMENTO,0.009747218173139362
ADRENALINA_N_MISSING,0.0
