feature,importance
EDAD,0.21255464227507803
IMC,0.17802814115847196
CAPNOMETRIA_MEDIO,0.17626849246207102
ADRENALINA_N,0.14827427973274906
CAUSA_FALLECIMIENTO_DANC,0.08371666061821144
GRUPO_SANGUINEO,0.059778846573266556
COLESTEROL,0.03997693137862307
CAPNOMETRIA_MEDIO_MISSING,0.035588581947082906
CARDIOCOMPRESION_EXTRAHOSPITALARIA,0.033873049104811925
RECUPERACION_ALGUN_MOMENTO,0.02015621738827914
SEXO,0.011784157361354812
ADRENALINA_N_MISSING,0.0
