feature,importance
EDAD,0.18517050362748094
CAPNOMETRIA_TRANSFERENCIA,0.17824920856862367
ADRENALINA_N,0.12747853491952338
IMC,0.12355128940530383
CAUSA_FALLECIMIENTO_DANC,0.10050412114906793
CAPNOMETRIA_TRANSFERENCIA_MISSING,0.07603500479107947
GRUPO_SANGUINEO,0.05730143095064205
CARDIOCOMPRESION_EXTRAHOSPITALARIA,0.05162190351304931
COLESTEROL,0.05051989606735344
RECUPERACION_ALGUN_MOMENTO,0.034556317314507076
SEXO,0.015011789693368941
ADRENALINA_N_MISSING,0.0
