mean_fit_time,std_fit_time,mean_score_time,std_score_time,param_model__C,params,split0_test_score,split1_test_score,split2_test_score,split3_test_score,split4_test_score,split5_test_score,split6_test_score,split7_test_score,split8_test_score,split9_test_score,mean_test_score,std_test_score,rank_test_score
0.005997467041015625,0.007010221991195015,0.00048148632049560547,0.0009706873626070733,0.01,{'model__C': 0.01},0.3333333333333333,0.2857142857142857,0.5,0.4,0.5,0.8,0.8571428571428571,0.8571428571428571,0.25,0.5,0.5283333333333333,0.21983412113756712,3
0.004064702987670898,0.005540491370271091,0.002710700035095215,0.004581940665673867,0.1,{'model__C': 0.1},0.3333333333333333,0.2857142857142857,0.2857142857142857,0.4,0.6666666666666666,0.6666666666666666,1.0,0.8571428571428571,0.25,0.5,0.5245238095238095,0.24883868591916594,4
0.0039925813674926754,0.006247751414327868,0.004077911376953125,0.006216127715963847,1.0,{'model__C': 1},0.3333333333333333,0.2857142857142857,0.2857142857142857,0.4,0.75,0.6666666666666666,1.0,0.8571428571428571,0.25,0.5,0.5328571428571428,0.25478371068226663,1
0.004000020027160644,0.004690481247316973,0.004449200630187988,0.0059030450772860855,10.0,{'model__C': 10},0.3333333333333333,0.2857142857142857,0.2857142857142857,0.4,0.75,0.6666666666666666,1.0,0.8571428571428571,0.25,0.5,0.5328571428571428,0.25478371068226663,1
