mean_fit_time,std_fit_time,mean_score_time,std_score_time,param_model__C,params,split0_test_score,split1_test_score,split2_test_score,split3_test_score,split4_test_score,split5_test_score,split6_test_score,split7_test_score,split8_test_score,split9_test_score,mean_test_score,std_test_score,rank_test_score
0.003776693344116211,0.004401305728385019,0.002945351600646973,0.0029455001452800573,0.01,{'model__C': 0.01},0.5,0.8571428571428571,0.5,0.6,0.75,0.2857142857142857,0.6666666666666666,0.2857142857142857,0.2222222222222222,0.6666666666666666,0.5334126984126984,0.2033321716631624,2
0.005667304992675782,0.0070874753553166765,0.0021906375885009767,0.004664274353585052,0.1,{'model__C': 0.1},0.5,0.6666666666666666,0.5,0.6,0.75,0.2857142857142857,0.6666666666666666,0.2857142857142857,0.4444444444444444,0.6666666666666666,0.5365873015873016,0.15406822560343053,1
0.0042123556137084964,0.006198892867970037,0.0035001754760742186,0.006329383297730577,1.0,{'model__C': 1},0.5,0.6666666666666666,0.5,0.6,0.75,0.2857142857142857,0.6666666666666666,0.2857142857142857,0.4444444444444444,0.4,0.509920634920635,0.15231366321845008,3
0.0038354158401489257,0.006084418015979688,0.0035142421722412108,0.004520804119471739,10.0,{'model__C': 10},0.5,0.6666666666666666,0.5,0.6,0.75,0.2857142857142857,0.6666666666666666,0.2857142857142857,0.4444444444444444,0.4,0.509920634920635,0.15231366321845008,3
