mean_fit_time,std_fit_time,mean_score_time,std_score_time,param_model__C,params,split0_test_score,split1_test_score,split2_test_score,split3_test_score,split4_test_score,split5_test_score,split6_test_score,split7_test_score,split8_test_score,split9_test_score,mean_test_score,std_test_score,rank_test_score
0.012483644485473632,0.001155446210242806,0.007424616813659668,0.0007947801072990983,0.01,{'model__C': 0.01},0.5,0.8571428571428571,0.5,0.6,0.75,0.2857142857142857,0.6666666666666666,0.2857142857142857,0.2222222222222222,0.6666666666666666,0.5334126984126984,0.2033321716631624,2
0.011908960342407227,0.0010559395855377258,0.007212519645690918,0.0005834604315979189,0.1,{'model__C': 0.1},0.5,0.6666666666666666,0.5,0.6,0.75,0.2857142857142857,0.6666666666666666,0.2857142857142857,0.4444444444444444,0.6666666666666666,0.5365873015873016,0.15406822560343053,1
0.011007857322692872,0.0007643039619692969,0.006285429000854492,0.0007739098367257599,1.0,{'model__C': 1},0.5,0.6666666666666666,0.5,0.6,0.75,0.2857142857142857,0.6666666666666666,0.2857142857142857,0.4444444444444444,0.4,0.509920634920635,0.15231366321845008,3
0.010912132263183594,0.0007962829173782184,0.006029319763183594,0.0007935460520975222,10.0,{'model__C': 10},0.5,0.6666666666666666,0.5,0.6,0.75,0.2857142857142857,0.6666666666666666,0.2857142857142857,0.4444444444444444,0.4,0.509920634920635,0.15231366321845008,3
