mean_fit_time,std_fit_time,mean_score_time,std_score_time,param_model__C,params,split0_test_score,split1_test_score,split2_test_score,split3_test_score,split4_test_score,split5_test_score,split6_test_score,split7_test_score,split8_test_score,split9_test_score,mean_test_score,std_test_score,rank_test_score
0.011768794059753418,0.0012825756944292218,0.006347560882568359,0.000612217169747006,0.01,{'model__C': 0.01},0.6666666666666666,0.8888888888888888,0.8888888888888888,0.4444444444444444,0.4444444444444444,0.4444444444444444,0.6666666666666666,0.2857142857142857,0.2857142857142857,0.6666666666666666,0.5682539682539682,0.20983622691632686,1
0.011547374725341796,0.0012840931792023236,0.007433176040649414,0.0017881626381946172,0.1,{'model__C': 0.1},0.4,0.2857142857142857,0.8888888888888888,0.4444444444444444,0.4444444444444444,0.4,0.5,0.2857142857142857,0.2857142857142857,0.6666666666666666,0.4601587301587301,0.18084994315740124,2
0.011693191528320313,0.0012196790545880559,0.007193541526794434,0.0014878283732667552,1.0,{'model__C': 1},0.4,0.3333333333333333,0.8,0.4444444444444444,0.2857142857142857,0.4,0.5,0.2857142857142857,0.2857142857142857,0.6666666666666666,0.4401587301587302,0.16449538035680564,3
0.011890220642089843,0.001104762723858322,0.006202006340026855,0.0006973669544871817,10.0,{'model__C': 10},0.4,0.3333333333333333,0.8,0.4444444444444444,0.25,0.4,0.5,0.2857142857142857,0.2857142857142857,0.6666666666666666,0.43658730158730163,0.16815677411354,4
