mean_fit_time,std_fit_time,mean_score_time,std_score_time,param_model__C,params,split0_test_score,split1_test_score,split2_test_score,split3_test_score,split4_test_score,split5_test_score,split6_test_score,split7_test_score,split8_test_score,split9_test_score,mean_test_score,std_test_score,rank_test_score
0.007720947265625,0.005456712906638258,0.0030364990234375,0.0025174275321954336,0.01,{'model__C': 0.01},0.5714285714285714,0.6666666666666666,0.25,0.4444444444444444,0.5,0.5,0.6666666666666666,0.2857142857142857,0.4,0.5714285714285714,0.4856349206349206,0.1360885260543972,1
0.005123305320739746,0.003992452081112857,0.004945969581604004,0.005789737548862572,0.1,{'model__C': 0.1},0.5714285714285714,0.6666666666666666,0.25,0.4444444444444444,0.4444444444444444,0.5,0.6666666666666666,0.2857142857142857,0.0,0.3333333333333333,0.41626984126984123,0.1956832098553669,2
0.008115291595458984,0.0042007038708121,0.003031492233276367,0.003531193026454179,1.0,{'model__C': 1},0.3333333333333333,0.5714285714285714,0.25,0.4444444444444444,0.4444444444444444,0.5,0.6666666666666666,0.2857142857142857,0.0,0.2857142857142857,0.37817460317460316,0.1796532486361653,3
0.0059299468994140625,0.006402702771829595,0.003010678291320801,0.003243590069379968,10.0,{'model__C': 10},0.3333333333333333,0.5714285714285714,0.25,0.4444444444444444,0.4444444444444444,0.5,0.6666666666666666,0.2857142857142857,0.0,0.2857142857142857,0.37817460317460316,0.1796532486361653,3
