mean_fit_time,std_fit_time,mean_score_time,std_score_time,param_model__C,params,split0_test_score,split1_test_score,split2_test_score,split3_test_score,split4_test_score,split5_test_score,split6_test_score,split7_test_score,split8_test_score,split9_test_score,mean_test_score,std_test_score,rank_test_score
0.01109299659729004,0.0008177061454487777,0.005907917022705078,0.0007060281714214078,0.01,{'model__C': 0.01},0.4,0.5714285714285714,0.75,0.2857142857142857,0.2857142857142857,0.6,0.5,0.6666666666666666,0.5,0.5714285714285714,0.513095238095238,0.14512192856236394,1
0.01093447208404541,0.0012831902920794128,0.006221628189086914,0.0015843334156562749,0.1,{'model__C': 0.1},0.4,0.5714285714285714,0.75,0.2222222222222222,0.0,0.6666666666666666,0.4444444444444444,0.8,0.5,0.3333333333333333,0.46880952380952373,0.23316861965158228,4
0.011372041702270509,0.0006895756274671419,0.005844521522521973,0.0008538119784413503,1.0,{'model__C': 1},0.4,0.5714285714285714,0.6666666666666666,0.4444444444444444,0.0,0.6666666666666666,0.5,0.8,0.5,0.4,0.4949206349206349,0.2057877587780366,2
0.011775660514831542,0.0008363112941287379,0.0062428474426269535,0.0007624333550788963,10.0,{'model__C': 10},0.4,0.5,0.6666666666666666,0.4444444444444444,0.0,0.6666666666666666,0.5,0.8,0.5,0.4,0.4877777777777778,0.2042420495755338,3
