mean_fit_time,std_fit_time,mean_score_time,std_score_time,param_model__C,params,split0_test_score,split1_test_score,split2_test_score,split3_test_score,split4_test_score,split5_test_score,split6_test_score,split7_test_score,split8_test_score,split9_test_score,mean_test_score,std_test_score,rank_test_score
0.011502861976623535,0.0038142996152357826,0.006388354301452637,0.0031885994235478746,0.01,{'model__C': 0.01},0.6666666666666666,0.6666666666666666,0.6666666666666666,0.4,1.0,0.8571428571428571,0.0,0.0,0.6666666666666666,0.6666666666666666,0.5590476190476191,0.3148926318834921,4
0.010152101516723633,0.002210577110928391,0.006445598602294922,0.0021888109680602698,0.1,{'model__C': 0.1},0.6666666666666666,0.6666666666666666,0.5714285714285714,0.4,1.0,0.8571428571428571,0.0,0.4,0.6666666666666666,0.5714285714285714,0.58,0.2602092303078716,3
0.01036977767944336,0.004263786554318623,0.008403539657592773,0.0026237737064509943,1.0,{'model__C': 1},0.6666666666666666,0.8,0.5714285714285714,0.6666666666666666,1.0,0.8571428571428571,0.0,0.4,0.6666666666666666,0.3333333333333333,0.5961904761904762,0.27408722977148997,1
0.012472081184387206,0.003930945562383553,0.00771021842956543,0.0036270306109507495,10.0,{'model__C': 10},0.6666666666666666,0.8,0.5714285714285714,0.5,1.0,0.8571428571428571,0.0,0.4,0.6666666666666666,0.4,0.5861904761904763,0.2690577326375577,2
