mean_fit_time,std_fit_time,mean_score_time,std_score_time,param_model__C,params,split0_test_score,split1_test_score,split2_test_score,split3_test_score,split4_test_score,split5_test_score,split6_test_score,split7_test_score,split8_test_score,split9_test_score,mean_test_score,std_test_score,rank_test_score
0.017169380187988283,0.0035415756941731343,0.009859561920166016,0.0019067408308541473,0.01,{'model__C': 0.01},0.6666666666666666,0.6666666666666666,0.5714285714285714,0.5,1.0,0.8571428571428571,0.0,0.0,0.6666666666666666,0.6666666666666666,0.5595238095238095,0.30956959368344517,1
0.013417577743530274,0.002088050223142457,0.009607148170471192,0.004246555216756328,0.1,{'model__C': 0.1},0.5,0.6666666666666666,0.5714285714285714,0.5,1.0,0.8571428571428571,0.0,0.0,0.6666666666666666,0.6666666666666666,0.5428571428571429,0.30783421635988545,2
0.012614703178405762,0.0012074285111477504,0.006576085090637207,0.0011545010949906473,1.0,{'model__C': 1},0.5,0.6666666666666666,0.5714285714285714,0.5,1.0,0.8571428571428571,0.0,0.0,0.6666666666666666,0.3333333333333333,0.5095238095238095,0.3106572653390493,3
0.015846633911132814,0.0029763476617335333,0.007079076766967773,0.0012723940492039198,10.0,{'model__C': 10},0.5,0.6666666666666666,0.3333333333333333,0.4,1.0,0.8571428571428571,0.0,0.0,0.0,0.5,0.4257142857142857,0.33733112849162483,4
