mean_fit_time,std_fit_time,mean_score_time,std_score_time,param_model__C,params,split0_test_score,split1_test_score,split2_test_score,split3_test_score,split4_test_score,split5_test_score,split6_test_score,split7_test_score,split8_test_score,split9_test_score,mean_test_score,std_test_score,rank_test_score
0.010043716430664063,0.002274681349006351,0.0073169231414794925,0.002715888046947782,0.01,{'model__C': 0.01},0.6666666666666666,0.6666666666666666,0.6666666666666666,0.4,1.0,0.8571428571428571,0.0,0.0,0.6666666666666666,0.6666666666666666,0.5590476190476191,0.3148926318834921,4
0.013909316062927246,0.0022109401217556167,0.008109450340270996,0.003086809168874601,0.1,{'model__C': 0.1},0.6666666666666666,0.6666666666666666,0.5714285714285714,0.4,1.0,0.8571428571428571,0.0,0.4,0.6666666666666666,0.5714285714285714,0.58,0.2602092303078716,3
0.014139819145202636,0.00522057830073576,0.00815565586090088,0.00492165252889773,1.0,{'model__C': 1},0.6666666666666666,0.8,0.5714285714285714,0.6666666666666666,1.0,0.8571428571428571,0.0,0.4,0.6666666666666666,0.3333333333333333,0.5961904761904762,0.27408722977148997,1
0.015929031372070312,0.004322401202148467,0.006749987602233887,0.0027453513319760435,10.0,{'model__C': 10},0.6666666666666666,0.8,0.5714285714285714,0.5,1.0,0.8571428571428571,0.0,0.4,0.6666666666666666,0.4,0.5861904761904763,0.2690577326375577,2
