mean_fit_time,std_fit_time,mean_score_time,std_score_time,param_model__C,params,split0_test_score,split1_test_score,split2_test_score,split3_test_score,split4_test_score,split5_test_score,split6_test_score,split7_test_score,split8_test_score,split9_test_score,mean_test_score,std_test_score,rank_test_score
0.005497336387634277,0.004890292283480153,0.0034331321716308595,0.004610018700370839,0.01,{'model__C': 0.01},0.6666666666666666,0.6666666666666666,0.6666666666666666,0.4,1.0,0.8571428571428571,0.0,0.0,0.6666666666666666,0.6666666666666666,0.5590476190476191,0.3148926318834921,4
0.00654306411743164,0.00328689061998948,0.0028037548065185545,0.0008699758687513721,0.1,{'model__C': 0.1},0.6666666666666666,0.6666666666666666,0.5714285714285714,0.4,1.0,0.8571428571428571,0.0,0.4,0.6666666666666666,0.5714285714285714,0.58,0.2602092303078716,3
0.0035064220428466797,0.0021810432578972467,0.0042519807815551754,0.002849049574576779,1.0,{'model__C': 1},0.6666666666666666,0.8,0.5714285714285714,0.6666666666666666,1.0,0.8571428571428571,0.0,0.4,0.6666666666666666,0.3333333333333333,0.5961904761904762,0.27408722977148997,1
0.008738517761230469,0.0064629501714812574,0.0034768104553222655,0.004205413182812036,10.0,{'model__C': 10},0.6666666666666666,0.8,0.5714285714285714,0.5,1.0,0.8571428571428571,0.0,0.4,0.6666666666666666,0.4,0.5861904761904763,0.2690577326375577,2
