mean_fit_time,std_fit_time,mean_score_time,std_score_time,param_model__C,params,split0_test_score,split1_test_score,split2_test_score,split3_test_score,split4_test_score,split5_test_score,split6_test_score,split7_test_score,split8_test_score,split9_test_score,mean_test_score,std_test_score,rank_test_score
0.007158160209655762,0.003809735840598884,0.0026387691497802733,0.002583436825580705,0.01,{'model__C': 0.01},0.6666666666666666,0.6666666666666666,0.6666666666666666,0.4,1.0,0.8571428571428571,0.0,0.0,0.6666666666666666,0.6666666666666666,0.5590476190476191,0.3148926318834921,4
0.005029487609863281,0.0028989172710894772,0.0051076412200927734,0.004044569405655426,0.1,{'model__C': 0.1},0.6666666666666666,0.6666666666666666,0.5714285714285714,0.4,1.0,0.8571428571428571,0.0,0.4,0.6666666666666666,0.5714285714285714,0.58,0.2602092303078716,3
0.006396937370300293,0.006958165705054613,0.0032103300094604493,0.0052853159874834766,1.0,{'model__C': 1},0.6666666666666666,0.8,0.5714285714285714,0.6666666666666666,1.0,0.8571428571428571,0.0,0.4,0.6666666666666666,0.3333333333333333,0.5961904761904762,0.27408722977148997,1
0.005673623085021973,0.007663395244144315,0.002951812744140625,0.005090813469869961,10.0,{'model__C': 10},0.6666666666666666,0.8,0.5714285714285714,0.5,1.0,0.8571428571428571,0.0,0.4,0.6666666666666666,0.4,0.5861904761904763,0.2690577326375577,2
