mean_fit_time,std_fit_time,mean_score_time,std_score_time,param_model__C,params,split0_test_score,split1_test_score,split2_test_score,split3_test_score,split4_test_score,split5_test_score,split6_test_score,split7_test_score,split8_test_score,split9_test_score,mean_test_score,std_test_score,rank_test_score
0.01252729892730713,0.0018532860613400862,0.007665824890136719,0.0012104085265187182,0.01,{'model__C': 0.01},0.8,0.4,0.4,1.0,0.0,0.8571428571428571,0.8,0.6666666666666666,0.5,0.6666666666666666,0.6090476190476191,0.2764403631462259,1
0.01147458553314209,0.0018383485046181381,0.007373666763305664,0.0006161169281955483,0.1,{'model__C': 0.1},0.6666666666666666,0.5,0.4,1.0,0.0,0.8571428571428571,0.8,0.4,0.5,0.6666666666666666,0.579047619047619,0.2703000768021984,3
0.012417244911193847,0.0014131167094726697,0.007034707069396973,0.0009284639622514411,1.0,{'model__C': 1},0.8,0.5,0.5,0.8,0.0,1.0,0.6666666666666666,0.4,0.5,0.6666666666666666,0.5833333333333333,0.26002136664341857,2
0.01784698963165283,0.001621570516355032,0.008557581901550293,0.0009423024197793628,10.0,{'model__C': 10},0.5,0.5,0.5,0.5,0.0,1.0,0.6666666666666666,0.4,0.5,0.6666666666666666,0.5233333333333333,0.23666666666666666,4
