mean_fit_time,std_fit_time,mean_score_time,std_score_time,param_model__C,params,split0_test_score,split1_test_score,split2_test_score,split3_test_score,split4_test_score,split5_test_score,split6_test_score,split7_test_score,split8_test_score,split9_test_score,mean_test_score,std_test_score,rank_test_score
0.02120828628540039,0.02081072186329483,0.014255189895629882,0.006893280718225669,0.01,{'model__C': 0.01},0.8,0.4,0.4,0.8,0.0,0.8571428571428571,0.6666666666666666,0.6666666666666666,0.5,0.6666666666666666,0.5757142857142857,0.24567413846989505,4
0.011718344688415528,0.002862773699439836,0.00577242374420166,0.0028564035476507156,0.1,{'model__C': 0.1},0.6666666666666666,0.5,0.5,0.8,0.0,0.8571428571428571,0.8,0.6666666666666666,0.5,0.6666666666666666,0.5957142857142859,0.23436554969609705,3
0.017067718505859374,0.006179887902828898,0.012390518188476562,0.007852851367586466,1.0,{'model__C': 1},0.6666666666666666,0.4,0.5,1.0,0.0,0.8571428571428571,0.8,0.6666666666666666,0.5,0.6666666666666666,0.6057142857142858,0.2644105239397026,1
0.015029478073120116,0.007676411200503892,0.009259700775146484,0.004950115156805119,10.0,{'model__C': 10},0.6666666666666666,0.4,0.5,0.6666666666666666,0.0,0.8571428571428571,0.8,0.8,0.6666666666666666,0.6666666666666666,0.6023809523809525,0.23955031567814014,2
