mean_fit_time,std_fit_time,mean_score_time,std_score_time,param_model__C,params,split0_test_score,split1_test_score,split2_test_score,split3_test_score,split4_test_score,split5_test_score,split6_test_score,split7_test_score,split8_test_score,split9_test_score,mean_test_score,std_test_score,rank_test_score
0.020035624504089355,0.005078656939844027,0.0117875337600708,0.005950302869372932,0.01,{'model__C': 0.01},0.8,0.4,0.4,0.8,0.0,0.8571428571428571,0.6666666666666666,0.6666666666666666,0.5,0.6666666666666666,0.5757142857142857,0.24567413846989505,4
0.021395492553710937,0.004653926568439902,0.012935018539428711,0.01830576987407935,0.1,{'model__C': 0.1},0.6666666666666666,0.5,0.5,0.8,0.0,0.8571428571428571,0.8,0.6666666666666666,0.5,0.6666666666666666,0.5957142857142859,0.23436554969609705,3
0.018042635917663575,0.00973736909764912,0.015094351768493653,0.007966020518151751,1.0,{'model__C': 1},0.6666666666666666,0.4,0.5,1.0,0.0,0.8571428571428571,0.8,0.6666666666666666,0.5,0.6666666666666666,0.6057142857142858,0.2644105239397026,1
0.013993930816650391,0.0044690820322004785,0.006690835952758789,0.006569000021563227,10.0,{'model__C': 10},0.6666666666666666,0.4,0.5,0.6666666666666666,0.0,0.8571428571428571,0.8,0.8,0.6666666666666666,0.6666666666666666,0.6023809523809525,0.23955031567814014,2
