mean_fit_time,std_fit_time,mean_score_time,std_score_time,param_model__C,params,split0_test_score,split1_test_score,split2_test_score,split3_test_score,split4_test_score,split5_test_score,split6_test_score,split7_test_score,split8_test_score,split9_test_score,mean_test_score,std_test_score,rank_test_score
0.004169940948486328,0.001053895429032136,0.005070137977600098,0.001394607373968992,0.01,{'model__C': 0.01},0.8,0.4,0.4,0.8,0.0,0.8571428571428571,0.6666666666666666,0.6666666666666666,0.5,0.6666666666666666,0.5757142857142857,0.24567413846989505,4
0.003693294525146484,0.0012496846671893951,0.004244327545166016,0.0026786118949245724,0.1,{'model__C': 0.1},0.6666666666666666,0.5,0.5,0.8,0.0,0.8571428571428571,0.8,0.6666666666666666,0.5,0.6666666666666666,0.5957142857142859,0.23436554969609705,3
0.004065036773681641,0.0014011559078290717,0.003840780258178711,0.0028972676374744008,1.0,{'model__C': 1},0.6666666666666666,0.4,0.5,1.0,0.0,0.8571428571428571,0.8,0.6666666666666666,0.5,0.6666666666666666,0.6057142857142858,0.2644105239397026,1
0.005256152153015137,0.001983062300635137,0.006162762641906738,0.0028037186354834456,10.0,{'model__C': 10},0.6666666666666666,0.4,0.5,0.6666666666666666,0.0,0.8571428571428571,0.8,0.8,0.6666666666666666,0.6666666666666666,0.6023809523809525,0.23955031567814014,2
