mean_fit_time,std_fit_time,mean_score_time,std_score_time,param_model__C,params,split0_test_score,split1_test_score,split2_test_score,split3_test_score,split4_test_score,split5_test_score,split6_test_score,split7_test_score,split8_test_score,split9_test_score,mean_test_score,std_test_score,rank_test_score
0.012481307983398438,0.002013275225724733,0.007520008087158203,0.0011376057334888101,0.01,{'model__C': 0.01},0.8,0.4,0.4,0.8,0.0,0.8571428571428571,0.6666666666666666,0.6666666666666666,0.5,0.6666666666666666,0.5757142857142857,0.24567413846989505,4
0.01133260726928711,0.005284687010929959,0.007768607139587403,0.005750908869249129,0.1,{'model__C': 0.1},0.6666666666666666,0.5,0.5,0.8,0.0,0.8571428571428571,0.8,0.6666666666666666,0.5,0.6666666666666666,0.5957142857142859,0.23436554969609705,3
0.02247602939605713,0.007759381862028113,0.005714297294616699,0.00653647229961452,1.0,{'model__C': 1},0.6666666666666666,0.4,0.5,1.0,0.0,0.8571428571428571,0.8,0.6666666666666666,0.5,0.6666666666666666,0.6057142857142858,0.2644105239397026,1
0.009787583351135254,0.007480929938638877,0.010847854614257812,0.006859002238367932,10.0,{'model__C': 10},0.6666666666666666,0.4,0.5,0.6666666666666666,0.0,0.8571428571428571,0.8,0.8,0.6666666666666666,0.6666666666666666,0.6023809523809525,0.23955031567814014,2
