feature,importance
EDAD,0.23900042716300918
IMC,0.15538858900162217
ADRENALINA_N,0.15199453048948486
CAPNOMETRIA_MEDIO,0.14397961236155585
COLESTEROL,0.08648556628547277
CARDIOCOMPRESION_EXTRAHOSPITALARIA,0.061603030615788354
GRUPO_SANGUINEO,0.05237489580795087
CAUSA_FALLECIMIENTO_DANC,0.05083964423106937
CAPNOMETRIA_MEDIO_MISSING,0.031055741410247823
SEXO,0.014813941468821888
RECUPERACION_ALGUN_MOMENTO,0.012464021164976817
ADRENALINA_N_MISSING,0.0
