feature,importance
EDAD,0.24641523567128573
IMC,0.16902643127404346
ADRENALINA_N,0.14844508872034234
CAPNOMETRIA_MEDIO,0.11628311395298688
COLESTEROL,0.08113990762292729
GRUPO_SANGUINEO,0.06564143792873238
CAUSA_FALLECIMIENTO_DANC,0.06483315470598768
CARDIOCOMPRESION_EXTRAHOSPITALARIA,0.05019385177645
CAPNOMETRIA_MEDIO_MISSING,0.02431872007258762
RECUPERACION_ALGUN_MOMENTO,0.01954386565266343
SEXO,0.014159192621993177
ADRENALINA_N_MISSING,0.0
