mean_fit_time,std_fit_time,mean_score_time,std_score_time,param_model__C,params,split0_test_score,split1_test_score,split2_test_score,split3_test_score,split4_test_score,split5_test_score,split6_test_score,split7_test_score,split8_test_score,split9_test_score,mean_test_score,std_test_score,rank_test_score
0.011374187469482423,0.0018197748503184267,0.007561135292053223,0.0008086455783192156,0.01,{'model__C': 0.01},1.0,0.5,0.8,0.5,0.3333333333333333,0.6666666666666666,0.6666666666666666,1.0,1.0,0.6666666666666666,0.7133333333333334,0.22271057451320087,1
0.010452675819396972,0.0005563878203096648,0.0063562154769897464,0.0006880075754589116,0.1,{'model__C': 0.1},0.6666666666666666,0.5,0.4,0.5,0.4,0.6666666666666666,0.6666666666666666,1.0,1.0,1.0,0.6799999999999999,0.23007245235649862,2
0.01220247745513916,0.0013991252890616496,0.006794238090515136,0.0009744797594166798,1.0,{'model__C': 1},0.6666666666666666,0.6666666666666666,0.4,0.4,0.5,0.6666666666666666,0.6666666666666666,0.8,0.6666666666666666,1.0,0.6433333333333333,0.17130220210039462,3
0.015502285957336426,0.003402066103120994,0.007394671440124512,0.0012237575260471071,10.0,{'model__C': 10},0.6666666666666666,0.6666666666666666,0.5,0.4,0.5,0.3333333333333333,0.4,0.8,0.5,1.0,0.5766666666666667,0.1961008810677697,4
