mean_fit_time,std_fit_time,mean_score_time,std_score_time,param_model__C,params,split0_test_score,split1_test_score,split2_test_score,split3_test_score,split4_test_score,split5_test_score,split6_test_score,split7_test_score,split8_test_score,split9_test_score,mean_test_score,std_test_score,rank_test_score
0.016782402992248535,0.005270781843492435,0.007541799545288086,0.00725711414800233,0.01,{'model__C': 0.01},0.5,0.4,0.5,0.5,0.3333333333333333,0.8571428571428571,0.6666666666666666,1.0,1.0,0.6666666666666666,0.6423809523809523,0.2276314999582497,1
0.011513853073120117,0.006699281133585149,0.006108665466308593,0.00640757809985316,0.1,{'model__C': 0.1},0.6666666666666666,0.4,0.5,0.5,0.3333333333333333,0.6666666666666666,0.6666666666666666,1.0,1.0,0.6666666666666666,0.6399999999999999,0.2128118626601649,2
0.012448668479919434,0.009220754457354177,0.010169005393981934,0.006277622258506469,1.0,{'model__C': 1},0.6666666666666666,0.4,0.5,0.5,0.4,0.5714285714285714,0.4,0.8,1.0,1.0,0.6238095238095238,0.2235155110355194,3
0.02503829002380371,0.013446772319496474,0.010110855102539062,0.008536219761175733,10.0,{'model__C': 10},0.6666666666666666,0.5,0.4,0.5,0.4,0.5714285714285714,0.4,0.8,1.0,1.0,0.6238095238095238,0.2235155110355194,3
