mean_fit_time,std_fit_time,mean_score_time,std_score_time,param_model__C,params,split0_test_score,split1_test_score,split2_test_score,split3_test_score,split4_test_score,split5_test_score,split6_test_score,split7_test_score,split8_test_score,split9_test_score,mean_test_score,std_test_score,rank_test_score
0.01133110523223877,0.0012744906938510878,0.006506896018981934,0.0007967856488385221,0.01,{'model__C': 0.01},0.5,0.4,0.5,0.5,0.3333333333333333,0.8571428571428571,0.6666666666666666,1.0,1.0,0.6666666666666666,0.6423809523809523,0.2276314999582497,1
0.009788990020751953,0.0008703793759505379,0.0055687189102172855,0.0006116081082062954,0.1,{'model__C': 0.1},0.6666666666666666,0.4,0.5,0.5,0.3333333333333333,0.6666666666666666,0.6666666666666666,1.0,1.0,0.6666666666666666,0.6399999999999999,0.2128118626601649,2
0.012986254692077637,0.0019083014434422166,0.006638646125793457,0.0008804636741897627,1.0,{'model__C': 1},0.6666666666666666,0.4,0.5,0.5,0.4,0.5714285714285714,0.4,0.8,1.0,1.0,0.6238095238095238,0.2235155110355194,3
0.012508296966552734,0.001319354373809435,0.005763697624206543,0.0004497398558064955,10.0,{'model__C': 10},0.6666666666666666,0.5,0.4,0.5,0.4,0.5714285714285714,0.4,0.8,1.0,1.0,0.6238095238095238,0.2235155110355194,3
