mean_fit_time,std_fit_time,mean_score_time,std_score_time,param_model__C,params,split0_test_score,split1_test_score,split2_test_score,split3_test_score,split4_test_score,split5_test_score,split6_test_score,split7_test_score,split8_test_score,split9_test_score,mean_test_score,std_test_score,rank_test_score
0.01683223247528076,0.0037917074788113843,0.0046404838562011715,0.004851478297873811,0.01,{'model__C': 0.01},0.5,0.4,0.5,0.5,0.3333333333333333,0.8571428571428571,0.6666666666666666,1.0,1.0,0.6666666666666666,0.6423809523809523,0.2276314999582497,1
0.006482172012329102,0.0025302961201251915,0.00534207820892334,0.0024897823728343843,0.1,{'model__C': 0.1},0.6666666666666666,0.4,0.5,0.5,0.3333333333333333,0.6666666666666666,0.6666666666666666,1.0,1.0,0.6666666666666666,0.6399999999999999,0.2128118626601649,2
0.01265411376953125,0.0069251192219243855,0.006167554855346679,0.0036668699013932423,1.0,{'model__C': 1},0.6666666666666666,0.4,0.5,0.5,0.4,0.5714285714285714,0.4,0.8,1.0,1.0,0.6238095238095238,0.2235155110355194,3
0.006146907806396484,0.0015470772755189588,0.004065608978271485,0.0025846877035058187,10.0,{'model__C': 10},0.6666666666666666,0.5,0.4,0.5,0.4,0.5714285714285714,0.4,0.8,1.0,1.0,0.6238095238095238,0.2235155110355194,3
