mean_fit_time,std_fit_time,mean_score_time,std_score_time,param_model__C,params,split0_test_score,split1_test_score,split2_test_score,split3_test_score,split4_test_score,split5_test_score,split6_test_score,split7_test_score,split8_test_score,split9_test_score,mean_test_score,std_test_score,rank_test_score
0.0034248828887939453,0.0024559409788799903,0.002442336082458496,0.003435228305287884,0.01,{'model__C': 0.01},0.5,0.4,0.5,0.5,0.3333333333333333,0.8571428571428571,0.6666666666666666,1.0,1.0,0.6666666666666666,0.6423809523809523,0.2276314999582497,1
0.0052950382232666016,0.007064463298638947,0.0013079404830932616,0.0031507577459007558,0.1,{'model__C': 0.1},0.6666666666666666,0.4,0.5,0.5,0.3333333333333333,0.6666666666666666,0.6666666666666666,1.0,1.0,0.6666666666666666,0.6399999999999999,0.2128118626601649,2
0.005387330055236816,0.0065803698279066755,0.0020588159561157225,0.004777556963774492,1.0,{'model__C': 1},0.6666666666666666,0.4,0.5,0.5,0.4,0.5714285714285714,0.4,0.8,1.0,1.0,0.6238095238095238,0.2235155110355194,3
0.0021852493286132813,0.003942729595631763,0.005437326431274414,0.007240242213914502,10.0,{'model__C': 10},0.6666666666666666,0.5,0.4,0.5,0.4,0.5714285714285714,0.4,0.8,1.0,1.0,0.6238095238095238,0.2235155110355194,3
