mean_fit_time,std_fit_time,mean_score_time,std_score_time,param_model__C,params,split0_test_score,split1_test_score,split2_test_score,split3_test_score,split4_test_score,split5_test_score,split6_test_score,split7_test_score,split8_test_score,split9_test_score,mean_test_score,std_test_score,rank_test_score
0.010332083702087403,0.0008767336714717648,0.020494794845581053,0.045647160103549744,0.01,{'model__C': 0.01},0.7272727272727273,0.5,0.5454545454545454,0.4444444444444444,0.25,0.75,0.5,0.3333333333333333,0.6666666666666666,0.6666666666666666,0.5383838383838384,0.1582420838020393,1
0.008960103988647461,0.0007566756609437409,0.005629682540893554,0.00047563104919586506,0.1,{'model__C': 0.1},0.6,0.5,0.5454545454545454,0.4444444444444444,0.25,0.75,0.5,0.3333333333333333,0.4,0.4,0.47232323232323237,0.13426476773264304,4
0.010710597038269043,0.0018565545365594378,0.00616912841796875,0.0009136501130095337,1.0,{'model__C': 1},0.6,0.5,0.5454545454545454,0.4444444444444444,0.25,0.75,0.5714285714285714,0.5714285714285714,0.3333333333333333,0.3333333333333333,0.48994227994227996,0.14314349280221567,2
0.009910106658935547,0.00045806354644565065,0.005525326728820801,0.0004411540275248758,10.0,{'model__C': 10},0.6,0.5,0.5454545454545454,0.4444444444444444,0.25,0.75,0.5714285714285714,0.5714285714285714,0.3333333333333333,0.3333333333333333,0.48994227994227996,0.14314349280221567,2
