mean_fit_time,std_fit_time,mean_score_time,std_score_time,param_model__C,params,split0_test_score,split1_test_score,split2_test_score,split3_test_score,split4_test_score,split5_test_score,split6_test_score,split7_test_score,split8_test_score,split9_test_score,mean_test_score,std_test_score,rank_test_score
0.006028485298156738,0.0038625365362072936,0.0019309520721435547,0.001381445329340914,0.01,{'model__C': 0.01},0.7272727272727273,0.5,0.5454545454545454,0.4444444444444444,0.25,0.75,0.5,0.3333333333333333,0.6666666666666666,0.6666666666666666,0.5383838383838384,0.1582420838020393,1
0.004005789756774902,0.0062327777890804695,0.003806185722351074,0.00672021782917101,0.1,{'model__C': 0.1},0.6,0.5,0.5454545454545454,0.4444444444444444,0.25,0.75,0.5,0.3333333333333333,0.4,0.4,0.47232323232323237,0.13426476773264304,4
0.00498969554901123,0.006168319740950428,0.0028039216995239258,0.0046644824616757005,1.0,{'model__C': 1},0.6,0.5,0.5454545454545454,0.4444444444444444,0.25,0.75,0.5714285714285714,0.5714285714285714,0.3333333333333333,0.3333333333333333,0.48994227994227996,0.14314349280221567,2
0.006080770492553711,0.006952123798045643,0.004439711570739746,0.006239378933456964,10.0,{'model__C': 10},0.6,0.5,0.5454545454545454,0.4444444444444444,0.25,0.75,0.5714285714285714,0.5714285714285714,0.3333333333333333,0.3333333333333333,0.48994227994227996,0.14314349280221567,2
