mean_fit_time,std_fit_time,mean_score_time,std_score_time,param_model__C,params,split0_test_score,split1_test_score,split2_test_score,split3_test_score,split4_test_score,split5_test_score,split6_test_score,split7_test_score,split8_test_score,split9_test_score,mean_test_score,std_test_score,rank_test_score
0.006797528266906739,0.004260702035971136,0.004926443099975586,0.002747186633130038,0.01,{'model__C': 0.01},0.8571428571428571,0.6,0.2857142857142857,0.2857142857142857,0.6666666666666666,0.5,0.6,0.6666666666666666,0.4444444444444444,0.5714285714285714,0.5477777777777778,0.16742300043099875,1
0.003719735145568848,0.0035292165795888565,0.007140135765075684,0.0030702644145693694,0.1,{'model__C': 0.1},0.8571428571428571,0.4444444444444444,0.2857142857142857,0.2857142857142857,0.6666666666666666,0.5,0.5,0.6666666666666666,0.4444444444444444,0.5714285714285714,0.5222222222222221,0.16771401830948937,2
0.0033519506454467774,0.004795068358330285,0.005156922340393067,0.005178988283629825,1.0,{'model__C': 1},0.8571428571428571,0.4444444444444444,0.2857142857142857,0.0,0.5714285714285714,0.6666666666666666,0.4444444444444444,0.6666666666666666,0.4444444444444444,0.5714285714285714,0.49523809523809514,0.22321772484123106,3
0.006036305427551269,0.0037371077050924436,0.004962491989135742,0.004387252885312208,10.0,{'model__C': 10},0.8571428571428571,0.4444444444444444,0.2857142857142857,0.0,0.5714285714285714,0.6666666666666666,0.4444444444444444,0.6666666666666666,0.25,0.5714285714285714,0.47579365079365077,0.23495582372660745,4
