mean_fit_time,std_fit_time,mean_score_time,std_score_time,param_model__C,params,split0_test_score,split1_test_score,split2_test_score,split3_test_score,split4_test_score,split5_test_score,split6_test_score,split7_test_score,split8_test_score,split9_test_score,mean_test_score,std_test_score,rank_test_score
0.02218904495239258,0.0018252282158857907,0.01446678638458252,0.004160367216052369,0.01,{'model__C': 0.01},0.5454545454545454,0.6666666666666666,0.2857142857142857,0.2857142857142857,0.2857142857142857,0.5,0.6666666666666666,0.5,0.6666666666666666,0.5714285714285714,0.4974025974025974,0.15105930189512515,2
0.020766186714172363,0.004404721615880195,0.010423517227172852,0.0025361250804696086,0.1,{'model__C': 0.1},0.6,0.5,0.2857142857142857,0.2857142857142857,0.3333333333333333,0.5714285714285714,0.6666666666666666,0.5,0.6666666666666666,0.5,0.490952380952381,0.137642113736759,3
0.020830583572387696,0.007900843186567993,0.00911087989807129,0.007880506832386057,1.0,{'model__C': 1},0.6,0.5,0.5,0.0,0.3333333333333333,0.5714285714285714,0.6666666666666666,0.5714285714285714,0.6666666666666666,0.5,0.490952380952381,0.18780809909630572,3
0.022225546836853027,0.00690655749123204,0.008903741836547852,0.007023696697773076,10.0,{'model__C': 10},0.6,0.5,0.5,0.0,0.3333333333333333,0.5714285714285714,0.6666666666666666,0.6666666666666666,0.6666666666666666,0.5,0.5004761904761905,0.19396156432493047,1
