mean_fit_time,std_fit_time,mean_score_time,std_score_time,param_model__C,params,split0_test_score,split1_test_score,split2_test_score,split3_test_score,split4_test_score,split5_test_score,split6_test_score,split7_test_score,split8_test_score,split9_test_score,mean_test_score,std_test_score,rank_test_score
0.019957685470581056,0.002334386028419691,0.011699438095092773,0.0033889180682381316,0.01,{'model__C': 0.01},0.6,0.8888888888888888,0.3333333333333333,0.8,0.3333333333333333,0.25,0.5,0.2857142857142857,0.3333333333333333,0.4,0.47246031746031747,0.21104547553492864,1
0.018804097175598146,0.0031869791834567536,0.012564659118652344,0.003950544965896251,0.1,{'model__C': 0.1},0.25,0.8571428571428571,0.3333333333333333,0.8,0.3333333333333333,0.2857142857142857,0.5,0.25,0.3333333333333333,0.3333333333333333,0.4276190476190476,0.21146878639422798,4
0.012308096885681153,0.0012517775712086576,0.007068371772766114,0.0014407877430393865,1.0,{'model__C': 1},0.25,0.8571428571428571,0.5714285714285714,0.8,0.5714285714285714,0.0,0.5,0.25,0.4,0.3333333333333333,0.4533333333333333,0.24874788482333196,2
0.011997103691101074,0.0009231919662324341,0.010944151878356933,0.012238913900156984,10.0,{'model__C': 10},0.25,0.8571428571428571,0.5714285714285714,0.8,0.5714285714285714,0.0,0.5,0.25,0.4,0.3333333333333333,0.4533333333333333,0.24874788482333196,2
