mean_fit_time,std_fit_time,mean_score_time,std_score_time,param_model__C,params,split0_test_score,split1_test_score,split2_test_score,split3_test_score,split4_test_score,split5_test_score,split6_test_score,split7_test_score,split8_test_score,split9_test_score,mean_test_score,std_test_score,rank_test_score
0.012016749382019043,0.0029471647564566867,0.006817078590393067,0.000568905383509106,0.01,{'model__C': 0.01},0.6666666666666666,0.5,0.5714285714285714,0.4,1.0,0.8571428571428571,0.0,0.0,0.6666666666666666,0.6666666666666666,0.5328571428571429,0.3106751480550828,4
0.010270237922668457,0.001106468241358861,0.006862092018127442,0.0006113668287443338,0.1,{'model__C': 0.1},0.6666666666666666,0.5,0.5714285714285714,0.5,1.0,0.8571428571428571,0.0,0.4,0.6666666666666666,0.5714285714285714,0.5733333333333334,0.2548593494103354,3
0.01305220127105713,0.0014004940332433197,0.007323503494262695,0.001211274106574091,1.0,{'model__C': 1},0.6666666666666666,0.8,0.5714285714285714,0.5,1.0,0.8571428571428571,0.0,0.4,0.6666666666666666,0.4,0.5861904761904763,0.2690577326375577,2
0.016371440887451173,0.002003511508715556,0.008561468124389649,0.0017741743147583334,10.0,{'model__C': 10},0.6666666666666666,0.8,0.5714285714285714,0.6666666666666666,1.0,0.8571428571428571,0.0,0.4,0.6666666666666666,0.4,0.602857142857143,0.2683636480953552,1
