mean_fit_time,std_fit_time,mean_score_time,std_score_time,param_model__C,params,split0_test_score,split1_test_score,split2_test_score,split3_test_score,split4_test_score,split5_test_score,split6_test_score,split7_test_score,split8_test_score,split9_test_score,mean_test_score,std_test_score,rank_test_score
0.005675840377807617,0.005150588272591145,0.005849027633666992,0.005149947407300638,0.01,{'model__C': 0.01},0.6666666666666666,0.5,0.5714285714285714,0.4,1.0,0.8571428571428571,0.0,0.0,0.6666666666666666,0.6666666666666666,0.5328571428571429,0.3106751480550828,4
0.006635522842407227,0.007221713837620138,0.002578926086425781,0.004933815988618282,0.1,{'model__C': 0.1},0.6666666666666666,0.5,0.5714285714285714,0.5,1.0,0.8571428571428571,0.0,0.4,0.6666666666666666,0.5714285714285714,0.5733333333333334,0.2548593494103354,3
0.005706000328063965,0.004896968730933274,0.002607440948486328,0.0055441377947668775,1.0,{'model__C': 1},0.6666666666666666,0.8,0.5714285714285714,0.5,1.0,0.8571428571428571,0.0,0.4,0.6666666666666666,0.4,0.5861904761904763,0.2690577326375577,2
0.00874655246734619,0.005301312116287828,0.0023383140563964845,0.00474863829970348,10.0,{'model__C': 10},0.6666666666666666,0.8,0.5714285714285714,0.6666666666666666,1.0,0.8571428571428571,0.0,0.4,0.6666666666666666,0.4,0.602857142857143,0.2683636480953552,1
