mean_fit_time,std_fit_time,mean_score_time,std_score_time,param_model__C,params,split0_test_score,split1_test_score,split2_test_score,split3_test_score,split4_test_score,split5_test_score,split6_test_score,split7_test_score,split8_test_score,split9_test_score,mean_test_score,std_test_score,rank_test_score
0.010192036628723145,0.0026855708125292873,0.007352280616760254,0.002326134331664977,0.01,{'model__C': 0.01},0.6666666666666666,0.5,0.5714285714285714,0.4,1.0,0.8571428571428571,0.0,0.0,0.6666666666666666,0.6666666666666666,0.5328571428571429,0.3106751480550828,4
0.008694267272949219,0.002534086964763727,0.0070134162902832035,0.0024769111233769402,0.1,{'model__C': 0.1},0.6666666666666666,0.5,0.5714285714285714,0.5,1.0,0.8571428571428571,0.0,0.4,0.6666666666666666,0.5714285714285714,0.5733333333333334,0.2548593494103354,3
0.012498736381530762,0.005438744510672998,0.007807040214538574,0.005439952599100815,1.0,{'model__C': 1},0.6666666666666666,0.8,0.5714285714285714,0.5,1.0,0.8571428571428571,0.0,0.4,0.6666666666666666,0.4,0.5861904761904763,0.2690577326375577,2
0.012815093994140625,0.003571431437310191,0.009366130828857422,0.004386445995155832,10.0,{'model__C': 10},0.6666666666666666,0.8,0.5714285714285714,0.6666666666666666,1.0,0.8571428571428571,0.0,0.4,0.6666666666666666,0.4,0.602857142857143,0.2683636480953552,1
