mean_fit_time,std_fit_time,mean_score_time,std_score_time,param_model__C,params,split0_test_score,split1_test_score,split2_test_score,split3_test_score,split4_test_score,split5_test_score,split6_test_score,split7_test_score,split8_test_score,split9_test_score,mean_test_score,std_test_score,rank_test_score
0.011679720878601075,0.0039774544774371055,0.006692337989807129,0.0008090997296526521,0.01,{'model__C': 0.01},0.6666666666666666,0.5,0.5714285714285714,0.5,1.0,0.8571428571428571,0.5,0.0,0.6666666666666666,0.6666666666666666,0.5928571428571429,0.2509505737713913,1
0.009971880912780761,0.0006747201512498118,0.0065514564514160155,0.0006295402179459077,0.1,{'model__C': 0.1},0.6666666666666666,0.5,0.5714285714285714,0.6666666666666666,1.0,0.8571428571428571,0.0,0.0,0.6666666666666666,0.4,0.5328571428571429,0.3106751480550828,2
0.011295247077941894,0.0009818182519607853,0.0063530921936035155,0.0005835721138676607,1.0,{'model__C': 1},0.6666666666666666,0.5,0.5714285714285714,0.5,1.0,0.8571428571428571,0.0,0.0,0.6666666666666666,0.3333333333333333,0.5095238095238095,0.3106572653390493,4
0.014802932739257812,0.0017424207691103869,0.00807044506072998,0.0013636413834688236,10.0,{'model__C': 10},0.6666666666666666,0.5,0.5714285714285714,0.5,1.0,0.8571428571428571,0.0,0.0,0.6666666666666666,0.4,0.5161904761904762,0.30750403275197896,3
