mean_fit_time,std_fit_time,mean_score_time,std_score_time,param_model__C,params,split0_test_score,split1_test_score,split2_test_score,split3_test_score,split4_test_score,split5_test_score,split6_test_score,split7_test_score,split8_test_score,split9_test_score,mean_test_score,std_test_score,rank_test_score
0.010490155220031739,0.0009288255206396351,0.006953930854797364,0.0011477514349790287,0.01,{'model__C': 0.01},1.0,0.5,0.5,0.5,0.3333333333333333,0.6666666666666666,0.6666666666666666,1.0,0.6666666666666666,0.6666666666666666,0.65,0.20344259359556172,2
0.011952805519104003,0.0011673736832191113,0.0074193477630615234,0.0010659839076269436,0.1,{'model__C': 0.1},1.0,0.5,0.4,0.5,0.4,0.6666666666666666,0.6666666666666666,1.0,0.6666666666666666,1.0,0.6799999999999999,0.23007245235649867,1
0.013211774826049804,0.0022910585859367053,0.007827329635620116,0.0009836822803397265,1.0,{'model__C': 1},0.6666666666666666,0.0,0.5,0.4,0.5,0.5714285714285714,0.6666666666666666,0.8,0.6666666666666666,1.0,0.5771428571428572,0.250783805312071,3
0.016809749603271484,0.0024482719356412916,0.008557558059692383,0.0017435367269762704,10.0,{'model__C': 10},0.6666666666666666,0.0,0.4,0.4,0.5,0.3333333333333333,0.6666666666666666,0.8,0.5,1.0,0.5266666666666666,0.2619584360585133,4
