mean_fit_time,std_fit_time,mean_score_time,std_score_time,param_model__C,params,split0_test_score,split1_test_score,split2_test_score,split3_test_score,split4_test_score,split5_test_score,split6_test_score,split7_test_score,split8_test_score,split9_test_score,mean_test_score,std_test_score,rank_test_score
0.01592254638671875,0.00588779020303113,0.006022238731384277,0.004965381747941918,0.01,{'model__C': 0.01},0.8,0.5,0.5,0.5,0.4,0.8571428571428571,0.6666666666666666,1.0,0.6666666666666666,0.6666666666666666,0.6557142857142857,0.17844185775383378,1
0.010359811782836913,0.003828154427553889,0.008106136322021484,0.00687419383589022,0.1,{'model__C': 0.1},0.8,0.4,0.5,0.5,0.4,0.5714285714285714,0.6666666666666666,1.0,0.6666666666666666,0.6666666666666666,0.6171428571428572,0.17641170152621435,2
0.012927579879760741,0.007010995231338479,0.007342028617858887,0.004686282234382896,1.0,{'model__C': 1},0.5,0.4,0.5,0.5,0.4,0.5714285714285714,0.8,0.8,0.6666666666666666,0.6666666666666666,0.5804761904761906,0.1399619319801928,3
0.009455299377441407,0.005646044545147122,0.011259698867797851,0.01024879470487867,10.0,{'model__C': 10},0.6666666666666666,0.4,0.5,0.5,0.4,0.5714285714285714,0.5,0.8,0.6666666666666666,0.6666666666666666,0.5671428571428572,0.12383607773851635,4
