mean_fit_time,std_fit_time,mean_score_time,std_score_time,param_model__C,params,split0_test_score,split1_test_score,split2_test_score,split3_test_score,split4_test_score,split5_test_score,split6_test_score,split7_test_score,split8_test_score,split9_test_score,mean_test_score,std_test_score,rank_test_score
0.008307147026062011,0.00905012824948682,0.009778332710266114,0.005951031344351227,0.01,{'model__C': 0.01},0.8,0.5,0.5,0.5,0.4,0.8571428571428571,0.6666666666666666,1.0,0.6666666666666666,0.6666666666666666,0.6557142857142857,0.17844185775383378,1
0.01123502254486084,0.012934758715372235,0.01836085319519043,0.027391302666429657,0.1,{'model__C': 0.1},0.8,0.4,0.5,0.5,0.4,0.5714285714285714,0.6666666666666666,1.0,0.6666666666666666,0.6666666666666666,0.6171428571428572,0.17641170152621435,2
0.005106115341186523,0.005646000958320767,0.010225391387939453,0.007481427039420866,1.0,{'model__C': 1},0.5,0.4,0.5,0.5,0.4,0.5714285714285714,0.8,0.8,0.6666666666666666,0.6666666666666666,0.5804761904761906,0.1399619319801928,3
0.011485099792480469,0.004976060830089101,0.004303336143493652,0.00468046962715324,10.0,{'model__C': 10},0.6666666666666666,0.4,0.5,0.5,0.4,0.5714285714285714,0.5,0.8,0.6666666666666666,0.6666666666666666,0.5671428571428572,0.12383607773851635,4
