mean_fit_time,std_fit_time,mean_score_time,std_score_time,param_model__C,params,split0_test_score,split1_test_score,split2_test_score,split3_test_score,split4_test_score,split5_test_score,split6_test_score,split7_test_score,split8_test_score,split9_test_score,mean_test_score,std_test_score,rank_test_score
0.013233351707458495,0.0029941740602458747,0.007518601417541504,0.0018799993719196665,0.01,{'model__C': 0.01},0.8,0.5,0.5,0.5,0.4,0.8571428571428571,0.6666666666666666,1.0,0.6666666666666666,0.6666666666666666,0.6557142857142857,0.17844185775383378,1
0.012003612518310548,0.0018147272326882677,0.006471896171569824,0.0006391951367085439,0.1,{'model__C': 0.1},0.8,0.4,0.5,0.5,0.4,0.5714285714285714,0.6666666666666666,1.0,0.6666666666666666,0.6666666666666666,0.6171428571428572,0.17641170152621435,2
0.012743520736694335,0.0007149972591658182,0.006622982025146484,0.0006509178871743577,1.0,{'model__C': 1},0.5,0.4,0.5,0.5,0.4,0.5714285714285714,0.8,0.8,0.6666666666666666,0.6666666666666666,0.5804761904761906,0.1399619319801928,3
0.01424546241760254,0.0011058291757204818,0.006694579124450683,0.00043018049221637904,10.0,{'model__C': 10},0.6666666666666666,0.4,0.5,0.5,0.4,0.5714285714285714,0.5,0.8,0.6666666666666666,0.6666666666666666,0.5671428571428572,0.12383607773851635,4
