mean_fit_time,std_fit_time,mean_score_time,std_score_time,param_model__C,params,split0_test_score,split1_test_score,split2_test_score,split3_test_score,split4_test_score,split5_test_score,split6_test_score,split7_test_score,split8_test_score,split9_test_score,mean_test_score,std_test_score,rank_test_score
0.0010798215866088868,0.002160119658413685,0.006850385665893554,0.005467427731501644,0.01,{'model__C': 0.01},0.8,0.5,0.5,0.5,0.4,0.8571428571428571,0.6666666666666666,1.0,0.6666666666666666,0.6666666666666666,0.6557142857142857,0.17844185775383378,1
0.0025155067443847655,0.004827086639628902,0.004609227180480957,0.006095829979025072,0.1,{'model__C': 0.1},0.8,0.4,0.5,0.5,0.4,0.5714285714285714,0.6666666666666666,1.0,0.6666666666666666,0.6666666666666666,0.6171428571428572,0.17641170152621435,2
0.003162837028503418,0.0049123251285614275,0.004443979263305664,0.0060496339452569495,1.0,{'model__C': 1},0.5,0.4,0.5,0.5,0.4,0.5714285714285714,0.8,0.8,0.6666666666666666,0.6666666666666666,0.5804761904761906,0.1399619319801928,3
0.0041107177734375,0.005225302904692236,0.0041304826736450195,0.0047288524571409704,10.0,{'model__C': 10},0.6666666666666666,0.4,0.5,0.5,0.4,0.5714285714285714,0.5,0.8,0.6666666666666666,0.6666666666666666,0.5671428571428572,0.12383607773851635,4
