mean_fit_time,std_fit_time,mean_score_time,std_score_time,param_model__C,param_model__gamma,params,split0_test_score,split1_test_score,split2_test_score,split3_test_score,split4_test_score,split5_test_score,split6_test_score,split7_test_score,split8_test_score,split9_test_score,mean_test_score,std_test_score,rank_test_score
0.00785813331604004,0.00615879354303695,0.00842127799987793,0.004594940239757424,0.1,scale,"{'model__C': 0.1, 'model__gamma': 'scale'}",0.5,0.5,0.5,0.5,0.5,0.6666666666666666,0.0,0.0,0.0,0.0,0.31666666666666665,0.26299556396765833,7
0.010592484474182129,0.0031547360769416826,0.0053644895553588865,0.0022776650064922563,0.1,0.1,"{'model__C': 0.1, 'model__gamma': 0.1}",0.5,0.5,0.5,0.5,0.5,0.6666666666666666,0.0,0.0,0.0,0.0,0.31666666666666665,0.26299556396765833,7
0.008592009544372559,0.0042905668138065525,0.0046372652053833004,0.0016958068299149282,0.1,0.01,"{'model__C': 0.1, 'model__gamma': 0.01}",0.5,0.5,0.5,0.5,0.5,0.6666666666666666,0.0,0.0,0.0,0.0,0.31666666666666665,0.26299556396765833,7
0.0035629510879516602,0.0029818950390747014,0.009701991081237793,0.005929277827281924,1.0,scale,"{'model__C': 1, 'model__gamma': 'scale'}",0.5,1.0,0.5714285714285714,0.4,1.0,0.75,0.0,0.8,0.0,0.8,0.5821428571428571,0.3449822533146319,3
0.00840296745300293,0.0039380579619922385,0.007202267646789551,0.0054730758981504654,1.0,0.1,"{'model__C': 1, 'model__gamma': 0.1}",0.5,1.0,0.5714285714285714,0.4,1.0,0.75,0.0,0.8,0.0,0.8,0.5821428571428571,0.3449822533146319,3
0.0115875244140625,0.003207080753091562,0.0038250446319580077,0.0034262658525947296,1.0,0.01,"{'model__C': 1, 'model__gamma': 0.01}",0.4,0.6666666666666666,0.5714285714285714,0.4,1.0,0.8571428571428571,0.5,0.4,0.0,0.5714285714285714,0.5366666666666666,0.2611682284226298,5
0.009088969230651856,0.004556909698509118,0.007000589370727539,0.004533142256134213,10.0,scale,"{'model__C': 10, 'model__gamma': 'scale'}",0.5,1.0,0.6666666666666666,0.6666666666666666,1.0,0.8,0.0,0.5,0.0,0.8,0.5933333333333333,0.3388870673903689,1
0.00968630313873291,0.004888846809205757,0.007670783996582031,0.004856837330304512,10.0,0.1,"{'model__C': 10, 'model__gamma': 0.1}",0.5,1.0,0.6666666666666666,0.6666666666666666,1.0,0.8,0.0,0.5,0.0,0.8,0.5933333333333333,0.3388870673903689,1
0.00770418643951416,0.004302550060876278,0.007886195182800293,0.004776108368987872,10.0,0.01,"{'model__C': 10, 'model__gamma': 0.01}",0.5,0.8,0.5714285714285714,0.4,1.0,0.75,0.0,0.4,0.0,0.3333333333333333,0.4754761904761904,0.3081177771986718,6
