mean_fit_time,std_fit_time,mean_score_time,std_score_time,param_model__C,param_model__gamma,params,split0_test_score,split1_test_score,split2_test_score,split3_test_score,split4_test_score,split5_test_score,split6_test_score,split7_test_score,split8_test_score,split9_test_score,mean_test_score,std_test_score,rank_test_score
0.010564589500427246,0.006148205268222987,0.006860256195068359,0.006964727454580439,0.1,scale,"{'model__C': 0.1, 'model__gamma': 'scale'}",0.5,0.5,0.5,0.5,0.5,0.6666666666666666,0.0,0.0,0.0,0.0,0.31666666666666665,0.26299556396765833,7
0.010987281799316406,0.0043960249720724365,0.006686949729919433,0.0050589383528511,0.1,0.1,"{'model__C': 0.1, 'model__gamma': 0.1}",0.5,0.5,0.5,0.5,0.5,0.6666666666666666,0.0,0.0,0.0,0.0,0.31666666666666665,0.26299556396765833,7
0.009621214866638184,0.0027175859504713715,0.00966339111328125,0.003087450344803436,0.1,0.01,"{'model__C': 0.1, 'model__gamma': 0.01}",0.5,0.5,0.5,0.5,0.5,0.6666666666666666,0.0,0.0,0.0,0.0,0.31666666666666665,0.26299556396765833,7
0.010094261169433594,0.0030887430455296527,0.00747213363647461,0.00397187566187236,1.0,scale,"{'model__C': 1, 'model__gamma': 'scale'}",0.5,1.0,0.5714285714285714,0.4,1.0,0.75,0.0,0.8,0.0,0.8,0.5821428571428571,0.3449822533146319,3
0.009011554718017577,0.0026212037698761146,0.0075101137161254885,0.0019883988459250728,1.0,0.1,"{'model__C': 1, 'model__gamma': 0.1}",0.5,1.0,0.5714285714285714,0.4,1.0,0.75,0.0,0.8,0.0,0.8,0.5821428571428571,0.3449822533146319,3
0.009940767288208007,0.001384456301205666,0.006547307968139649,0.0022430644431580076,1.0,0.01,"{'model__C': 1, 'model__gamma': 0.01}",0.4,0.6666666666666666,0.5714285714285714,0.4,1.0,0.8571428571428571,0.5,0.4,0.0,0.5714285714285714,0.5366666666666666,0.2611682284226298,5
0.01040949821472168,0.002652937579227895,0.007500672340393066,0.0026171322530881,10.0,scale,"{'model__C': 10, 'model__gamma': 'scale'}",0.5,1.0,0.6666666666666666,0.6666666666666666,1.0,0.8,0.0,0.5,0.0,0.8,0.5933333333333333,0.3388870673903689,1
0.009947061538696289,0.0017295280068901626,0.00547640323638916,0.0030769198287367025,10.0,0.1,"{'model__C': 10, 'model__gamma': 0.1}",0.5,1.0,0.6666666666666666,0.6666666666666666,1.0,0.8,0.0,0.5,0.0,0.8,0.5933333333333333,0.3388870673903689,1
0.010028934478759766,0.0029511383057793483,0.005950713157653808,0.001838769086089933,10.0,0.01,"{'model__C': 10, 'model__gamma': 0.01}",0.5,0.8,0.5714285714285714,0.4,1.0,0.75,0.0,0.4,0.0,0.3333333333333333,0.4754761904761904,0.3081177771986718,6
