feature,importance
EDAD,0.20066352122097228
ADRENALINA_N,0.16227744111930537
COLESTEROL,0.15292432059235095
IMC,0.1323266857348221
CAPNOMETRIA_MEDIO,0.10623183476126676
CARDIOCOMPRESION_EXTRAHOSPITALARIA,0.0830628850485227
CAUSA_FALLECIMIENTO_DANC,0.07040150989082043
GRUPO_SANGUINEO,0.041633194551604635
SEXO,0.018813568409585354
CAPNOMETRIA_MEDIO_MISSING,0.018361859302138656
RECUPERACION_ALGUN_MOMENTO,0.013303179368610741
ADRENALINA_N_MISSING,0.0
