mean_fit_time,std_fit_time,mean_score_time,std_score_time,param_model__C,params,split0_test_score,split1_test_score,split2_test_score,split3_test_score,split4_test_score,split5_test_score,split6_test_score,split7_test_score,split8_test_score,split9_test_score,mean_test_score,std_test_score,rank_test_score
0.0059251546859741214,0.006499559134223723,0.0025856733322143556,0.0034720604843150866,0.01,{'model__C': 0.01},0.6666666666666666,0.6666666666666666,0.5,0.75,0.8571428571428571,0.5,0.8571428571428571,0.6666666666666666,0.3333333333333333,0.5714285714285714,0.6369047619047618,0.15696689282194787,1
0.004747176170349121,0.007251684138127393,0.003997659683227539,0.006425615640071518,0.1,{'model__C': 0.1},0.4,0.6666666666666666,0.5,0.75,0.8571428571428571,0.5,0.8571428571428571,0.4,0.4,0.75,0.608095238095238,0.17917422069188468,3
0.007228326797485351,0.007553117868856442,0.0028076648712158205,0.005139735729594965,1.0,{'model__C': 1},0.5,0.6666666666666666,0.5714285714285714,0.6666666666666666,0.8571428571428571,0.5,0.8571428571428571,0.4,0.4,0.75,0.616904761904762,0.1617381846157913,2
0.007501459121704102,0.007658754989999706,0.004255127906799316,0.005083851909542544,10.0,{'model__C': 10},0.5,0.6666666666666666,0.5714285714285714,0.6666666666666666,0.6666666666666666,0.5,0.8571428571428571,0.4,0.4,0.75,0.5978571428571429,0.1423819477589032,4
