mean_fit_time,std_fit_time,mean_score_time,std_score_time,param_model__C,params,split0_test_score,split1_test_score,split2_test_score,split3_test_score,split4_test_score,split5_test_score,split6_test_score,split7_test_score,split8_test_score,split9_test_score,mean_test_score,std_test_score,rank_test_score
0.016975760459899902,0.0022869646847411963,0.00975050926208496,0.0013396144141875066,0.01,{'model__C': 0.01},0.2857142857142857,0.5714285714285714,0.0,0.3333333333333333,0.8,0.6,0.6666666666666666,0.6666666666666666,0.5,0.6666666666666666,0.5090476190476191,0.22612229548854046,1
0.018207573890686037,0.009447482323012839,0.010792875289916992,0.004779087990097364,0.1,{'model__C': 0.1},0.2857142857142857,0.6666666666666666,0.0,0.2857142857142857,0.8,0.7272727272727273,0.6666666666666666,0.5,0.5,0.5,0.49320346320346325,0.2320739652970901,2
0.013803935050964356,0.001560172181098151,0.006912803649902344,0.000850797641238375,1.0,{'model__C': 1},0.0,0.6666666666666666,0.0,0.0,0.8,0.7272727272727273,0.6666666666666666,0.5,0.5,0.5,0.43606060606060604,0.30105248498296255,3
0.021188855171203613,0.007628125018243938,0.010969209671020507,0.0031265003126561964,10.0,{'model__C': 10},0.0,0.6666666666666666,0.0,0.0,0.8,0.7272727272727273,0.6666666666666666,0.5,0.5,0.5,0.43606060606060604,0.30105248498296255,3
