mean_fit_time,std_fit_time,mean_score_time,std_score_time,param_model__C,params,split0_test_score,split1_test_score,split2_test_score,split3_test_score,split4_test_score,split5_test_score,split6_test_score,split7_test_score,split8_test_score,split9_test_score,mean_test_score,std_test_score,rank_test_score
0.012407016754150391,0.0014619061519341428,0.006561136245727539,0.0005752390944615484,0.01,{'model__C': 0.01},0.5714285714285714,0.8571428571428571,0.4444444444444444,0.8,0.4,0.4444444444444444,0.6666666666666666,0.8571428571428571,0.6666666666666666,0.6666666666666666,0.6374603174603175,0.1614796785076211,1
0.01164088249206543,0.0012207176451639026,0.006301522254943848,0.0008857697213113006,0.1,{'model__C': 0.1},0.5,0.8571428571428571,0.25,0.8,0.3333333333333333,0.4444444444444444,0.6666666666666666,0.6666666666666666,0.3333333333333333,0.6666666666666666,0.5518253968253968,0.19878823191754585,2
0.013562989234924317,0.0029362842387394483,0.007194089889526367,0.0012897707191765508,1.0,{'model__C': 1},0.5714285714285714,0.8571428571428571,0.25,0.6666666666666666,0.3333333333333333,0.4444444444444444,0.5,0.6666666666666666,0.3333333333333333,0.6666666666666666,0.528968253968254,0.18131099593978642,3
0.01364903450012207,0.001715313013968142,0.007238411903381347,0.0014139645243076843,10.0,{'model__C': 10},0.5714285714285714,0.8571428571428571,0.25,0.6666666666666666,0.3333333333333333,0.4444444444444444,0.5,0.6666666666666666,0.3333333333333333,0.6666666666666666,0.528968253968254,0.18131099593978642,3
