mean_fit_time,std_fit_time,mean_score_time,std_score_time,param_model__C,params,split0_test_score,split1_test_score,split2_test_score,split3_test_score,split4_test_score,split5_test_score,split6_test_score,split7_test_score,split8_test_score,split9_test_score,mean_test_score,std_test_score,rank_test_score
0.01382598876953125,0.0033529240538179546,0.008385682106018066,0.0020234995103546056,0.01,{'model__C': 0.01},0.5,0.75,0.2857142857142857,0.3333333333333333,0.2857142857142857,0.5,0.6666666666666666,0.8571428571428571,0.75,0.8571428571428571,0.5785714285714285,0.21581465130713637,1
0.015878725051879882,0.003230224924720203,0.009628868103027344,0.002561530162541303,0.1,{'model__C': 0.1},0.5,0.6666666666666666,0.2857142857142857,0.3333333333333333,0.0,0.5,0.6666666666666666,0.5714285714285714,0.75,0.6666666666666666,0.49404761904761907,0.21777906485343207,2
0.014403700828552246,0.0018399094619312793,0.007772707939147949,0.0009704526680544552,1.0,{'model__C': 1},0.2857142857142857,0.75,0.2857142857142857,0.3333333333333333,0.0,0.5,0.5,0.0,0.6666666666666666,0.6666666666666666,0.3988095238095238,0.25204661142547774,4
0.013634777069091797,0.0011295125777522445,0.0075350522994995115,0.0009120517441394513,10.0,{'model__C': 10},0.2857142857142857,0.75,0.2857142857142857,0.2857142857142857,0.3333333333333333,0.5,0.5,0.0,0.6666666666666666,0.6666666666666666,0.42738095238095236,0.21928364613057091,3
