mean_fit_time,std_fit_time,mean_score_time,std_score_time,param_model__C,params,split0_test_score,split1_test_score,split2_test_score,split3_test_score,split4_test_score,split5_test_score,split6_test_score,split7_test_score,split8_test_score,split9_test_score,mean_test_score,std_test_score,rank_test_score
0.005056405067443847,0.005892256126260005,0.0025999784469604493,0.004632862446310041,0.01,{'model__C': 0.01},0.5,0.75,0.2857142857142857,0.3333333333333333,0.2857142857142857,0.5,0.6666666666666666,0.8571428571428571,0.75,0.8571428571428571,0.5785714285714285,0.21581465130713637,1
0.008702278137207031,0.007876915963048504,0.0005120515823364257,0.001054960083255015,0.1,{'model__C': 0.1},0.5,0.6666666666666666,0.2857142857142857,0.3333333333333333,0.0,0.5,0.6666666666666666,0.5714285714285714,0.75,0.6666666666666666,0.49404761904761907,0.21777906485343207,2
0.003723597526550293,0.004704887485051286,0.0021873950958251954,0.00432978265387651,1.0,{'model__C': 1},0.2857142857142857,0.75,0.2857142857142857,0.3333333333333333,0.0,0.5,0.5,0.0,0.6666666666666666,0.6666666666666666,0.3988095238095238,0.25204661142547774,4
0.004906558990478515,0.007500053719269822,0.005061578750610351,0.007122327758070961,10.0,{'model__C': 10},0.2857142857142857,0.75,0.2857142857142857,0.2857142857142857,0.3333333333333333,0.5,0.5,0.0,0.6666666666666666,0.6666666666666666,0.42738095238095236,0.21928364613057091,3
