mean_fit_time,std_fit_time,mean_score_time,std_score_time,param_model__C,params,split0_test_score,split1_test_score,split2_test_score,split3_test_score,split4_test_score,mean_test_score,std_test_score,rank_test_score
0.006893444061279297,0.001104711557754072,0.00378875732421875,0.0010129821611937421,0.01,{'model__C': 0.01},0.7272727272727273,0.6666666666666666,0.5,0.6666666666666666,0.6666666666666666,0.6454545454545454,0.07642133462374844,3
0.00602254867553711,0.000983348388401403,0.004287004470825195,0.0012324338854810793,0.1,{'model__C': 0.1},0.7272727272727273,0.5714285714285714,0.5,0.6666666666666666,0.6666666666666666,0.6264069264069263,0.08051948051948052,4
0.0068667888641357425,0.0011259298009032826,0.0038769721984863283,0.0004539398935756048,1.0,{'model__C': 1},0.8,0.75,0.5714285714285714,0.6666666666666666,0.6666666666666666,0.6909523809523809,0.0785411196953112,1
0.008655691146850586,0.0008892837425523703,0.0031055450439453126,5.6728513293041334e-05,10.0,{'model__C': 10},0.6666666666666666,0.75,0.5714285714285714,0.6666666666666666,0.6666666666666666,0.6642857142857143,0.056544486128752,2
