mean_fit_time,std_fit_time,mean_score_time,std_score_time,param_model__C,params,split0_test_score,split1_test_score,split2_test_score,split3_test_score,split4_test_score,mean_test_score,std_test_score,rank_test_score
0.00961298942565918,0.007849932704482308,0.006363296508789062,0.007793628744677175,0.01,{'model__C': 0.01},0.6666666666666666,0.8,0.6,0.5454545454545454,0.6666666666666666,0.6557575757575758,0.08522858584847007,1
0.008606290817260743,0.009422573804803101,0.01057891845703125,0.006841070744651237,0.1,{'model__C': 0.1},0.6153846153846154,0.75,0.4444444444444444,0.6,0.6666666666666666,0.6152991452991452,0.10020812588283719,2
0.01195974349975586,0.0069371246638983575,0.0052985668182373045,0.006163789374150282,1.0,{'model__C': 1},0.6153846153846154,0.5714285714285714,0.5,0.6,0.6666666666666666,0.5906959706959707,0.05489013127901599,3
0.013296747207641601,0.008729767385737771,0.004381656646728516,0.00624354191698138,10.0,{'model__C': 10},0.6153846153846154,0.5714285714285714,0.5714285714285714,0.4,0.6666666666666666,0.5649816849816849,0.08964638527301781,4
