mean_fit_time,std_fit_time,mean_score_time,std_score_time,param_model__C,params,split0_test_score,split1_test_score,split2_test_score,split3_test_score,split4_test_score,split5_test_score,split6_test_score,split7_test_score,split8_test_score,split9_test_score,mean_test_score,std_test_score,rank_test_score
0.0028888225555419923,0.0023764430569369827,0.004610419273376465,0.005543244345712677,0.01,{'model__C': 0.01},1.0,0.5714285714285714,0.0,0.8,0.5,0.5714285714285714,0.5,0.4,0.5,0.6666666666666666,0.5509523809523811,0.24739046225820133,2
0.004487323760986328,0.005319032184049246,0.0029099702835083006,0.004049881532487367,0.1,{'model__C': 0.1},0.8,0.5714285714285714,0.0,0.8,0.5,0.75,0.5,0.5,0.5,0.6666666666666666,0.5588095238095239,0.22153875906646106,1
0.003805685043334961,0.006199042455567844,0.002772021293640137,0.005602635601222282,1.0,{'model__C': 1},0.5,0.6666666666666666,0.0,0.8,0.0,0.5,0.5,0.5,0.5,0.6666666666666666,0.4633333333333334,0.25141819964177436,3
0.002329897880554199,0.0024734443690131265,0.006076979637145996,0.0038655839285294947,10.0,{'model__C': 10},0.5,0.6666666666666666,0.0,0.8,0.0,0.5,0.5,0.5,0.5,0.6666666666666666,0.4633333333333334,0.25141819964177436,3
