{
  "accuracy": 0.8571428571428571,
  "balanced_accuracy": 0.8888888888888888,
  "precision": 0.7142857142857143,
  "recall": 1.0,
  "f1": 0.8333333333333334,
  "confusion_matrix": [
    [
      7,
      2
    ],
    [
      0,
      5
    ]
  ],
  "test_size": 14,
  "roc_auc": 0.8666666666666667
}