mean_fit_time,std_fit_time,mean_score_time,std_score_time,param_model__C,param_model__gamma,params,split0_test_score,split1_test_score,split2_test_score,split3_test_score,split4_test_score,mean_test_score,std_test_score,rank_test_score
0.012703704833984374,0.006351946779274931,0.003241157531738281,0.006482315063476562,0.1,scale,"{'model__C': 0.1, 'model__gamma': 'scale'}",0.5882352941176471,0.0,0.0,0.0,0.0,0.11764705882352941,0.23529411764705882,7
0.01587677001953125,2.3735764007363243e-05,0.004689979553222656,0.006313449196063442,0.1,0.1,"{'model__C': 0.1, 'model__gamma': 0.1}",0.5882352941176471,0.0,0.0,0.0,0.0,0.11764705882352941,0.23529411764705882,7
0.009849119186401366,0.005328969121389065,0.007111167907714844,0.00638912288078974,0.1,0.01,"{'model__C': 0.1, 'model__gamma': 0.01}",0.5882352941176471,0.0,0.0,0.0,0.0,0.11764705882352941,0.23529411764705882,7
0.012777280807495118,0.0031689346920469254,0.0,0.0,1.0,scale,"{'model__C': 1, 'model__gamma': 'scale'}",0.7692307692307693,0.5714285714285714,0.2857142857142857,0.4444444444444444,0.5714285714285714,0.5284493284493283,0.15977938189089425,3
0.01585049629211426,5.502366100425684e-05,0.0,0.0,1.0,0.1,"{'model__C': 1, 'model__gamma': 0.1}",0.7692307692307693,0.5714285714285714,0.2857142857142857,0.4444444444444444,0.5714285714285714,0.5284493284493283,0.15977938189089425,3
0.0,0.0,0.015876579284667968,8.0878020201231e-05,1.0,0.01,"{'model__C': 1, 'model__gamma': 0.01}",0.7142857142857143,0.8,0.6,0.4444444444444444,0.6666666666666666,0.645079365079365,0.11961810399654772,1
0.003163862228393555,0.00632772445678711,0.003199005126953125,0.00639801025390625,10.0,scale,"{'model__C': 10, 'model__gamma': 'scale'}",0.6,0.75,0.3333333333333333,0.4,0.3333333333333333,0.4833333333333334,0.16532795690182991,6
0.0,0.0,0.015893077850341795,0.00011175079381252517,10.0,0.1,"{'model__C': 10, 'model__gamma': 0.1}",0.6666666666666666,0.75,0.3333333333333333,0.4,0.3333333333333333,0.4966666666666667,0.1765093639316497,5
0.015872621536254884,7.335401605764072e-05,0.0,0.0,10.0,0.01,"{'model__C': 10, 'model__gamma': 0.01}",0.7142857142857143,0.75,0.4,0.6,0.6666666666666666,0.6261904761904762,0.12375456655721506,2
