mean_fit_time,std_fit_time,mean_score_time,std_score_time,param_model__C,params,split0_test_score,split1_test_score,split2_test_score,split3_test_score,split4_test_score,split5_test_score,split6_test_score,split7_test_score,split8_test_score,split9_test_score,mean_test_score,std_test_score,rank_test_score
0.002135157585144043,0.0025863037127008895,0.004890966415405274,0.006168379519687825,0.01,{'model__C': 0.01},0.5,0.5714285714285714,0.0,0.8,0.5,0.5714285714285714,0.8,0.6666666666666666,0.5,0.5,0.540952380952381,0.21241725079516058,1
0.0051479339599609375,0.0030116922384067564,0.0008023500442504883,0.0017362852430480105,0.1,{'model__C': 0.1},0.4,0.6666666666666666,0.0,0.8,0.5,0.5714285714285714,0.8,0.4,0.5,0.5,0.5138095238095237,0.21931091835922037,2
0.004547286033630371,0.0034730615110124354,0.002140355110168457,0.0017499918185721727,1.0,{'model__C': 1},0.4,0.6666666666666666,0.0,0.8,0.0,0.5714285714285714,0.8,0.6666666666666666,0.6666666666666666,0.5,0.5071428571428571,0.2789130993818733,3
0.004442977905273438,0.0036182806558104214,0.003105354309082031,0.0030290087222344026,10.0,{'model__C': 10},0.4,0.6666666666666666,0.0,0.8,0.0,0.5,0.8,0.6666666666666666,0.6666666666666666,0.5,0.5,0.2780887148615228,4
