feature,importance
EDAD,0.1754667072811036
ADRENALINA_N,0.16905313647503012
IMC,0.16802950756185359
CAPNOMETRIA_TRANSFERENCIA,0.16598203560729882
COLESTEROL,0.10380825470134
GRUPO_SANGUINEO,0.07896641348289907
CAUSA_FALLECIMIENTO_DANC,0.0448864734411592
CARDIOCOMPRESION_EXTRAHOSPITALARIA,0.039148548430182326
CAPNOMETRIA_TRANSFERENCIA_MISSING,0.03392991191899062
RECUPERACION_ALGUN_MOMENTO,0.013277532478313755
SEXO,0.007451478621828932
ADRENALINA_N_MISSING,0.0
