feature,importance
IMC,0.1790209358688907
EDAD,0.1729412278663298
CAPNOMETRIA_TRANSFERENCIA,0.15476437999307488
ADRENALINA_N,0.14800192929266798
CAUSA_FALLECIMIENTO_DANC,0.09270413651994681
CAPNOMETRIA_TRANSFERENCIA_MISSING,0.07425335536027312
GRUPO_SANGUINEO,0.05480396216640011
CARDIOCOMPRESION_EXTRAHOSPITALARIA,0.045337838871268916
COLESTEROL,0.03235208622974218
RECUPERACION_ALGUN_MOMENTO,0.025161160357859733
SEXO,0.020658987473545783
ADRENALINA_N_MISSING,0.0
