feature,importance
CAPNOMETRIA_TRANSFERENCIA,0.1766201653632885
EDAD,0.15906153407330176
ADRENALINA_N,0.14914575395015264
IMC,0.1395758811805152
CAPNOMETRIA_TRANSFERENCIA_MISSING,0.1062317918923683
GRUPO_SANGUINEO,0.07792889498838468
CAUSA_FALLECIMIENTO_DANC,0.07248986304326384
COLESTEROL,0.057957411658014074
CARDIOCOMPRESION_EXTRAHOSPITALARIA,0.031850296268302714
RECUPERACION_ALGUN_MOMENTO,0.015800458957522162
SEXO,0.013337948624886308
ADRENALINA_N_MISSING,0.0
