feature,importance
ADRENALINA_N,0.1970333056813998
EDAD,0.18134317270729103
COLESTEROL,0.16626227372398986
CAPNOMETRIA_TRANSFERENCIA,0.16297784103199756
IMC,0.11230077624919219
CARDIOCOMPRESION_EXTRAHOSPITALARIA,0.05802955293385199
CAUSA_FALLECIMIENTO_DANC,0.050595082543645996
GRUPO_SANGUINEO,0.041731318508234846
CAPNOMETRIA_TRANSFERENCIA_MISSING,0.018550581957963636
RECUPERACION_ALGUN_MOMENTO,0.008104197991511507
SEXO,0.003071896670921711
ADRENALINA_N_MISSING,0.0
