feature,importance
EDAD,0.19450062700602147
ADRENALINA_N,0.15925413470433367
CAPNOMETRIA_MEDIO,0.14396405191956646
IMC,0.10389763547072389
CARDIOCOMPRESION_EXTRAHOSPITALARIA,0.09817455602989955
COLESTEROL,0.09314752682530221
CAUSA_FALLECIMIENTO_DANC,0.05738001123553285
GRUPO_SANGUINEO,0.0525723199402201
SEXO,0.040065362318750464
RECUPERACION_ALGUN_MOMENTO,0.03777831297120366
CAPNOMETRIA_MEDIO_MISSING,0.01926546157844579
ADRENALINA_N_MISSING,0.0
