mean_fit_time,std_fit_time,mean_score_time,std_score_time,param_model__C,params,split0_test_score,split1_test_score,split2_test_score,split3_test_score,split4_test_score,split5_test_score,split6_test_score,split7_test_score,split8_test_score,split9_test_score,mean_test_score,std_test_score,rank_test_score
0.011222243309020996,0.0026509538899036943,0.006947112083435058,0.0014442894899864217,0.01,{'model__C': 0.01},0.8,0.6666666666666666,0.6666666666666666,0.25,0.3333333333333333,0.3333333333333333,0.75,0.5714285714285714,0.6666666666666666,0.4,0.543809523809524,0.18702892448523653,1
0.011043238639831542,0.0018641517628138699,0.007168960571289062,0.0009414056232428851,0.1,{'model__C': 0.1},0.5714285714285714,0.6666666666666666,0.2857142857142857,0.25,0.4,0.2857142857142857,0.75,0.5714285714285714,0.6666666666666666,0.2222222222222222,0.466984126984127,0.18943505140264938,2
0.011733603477478028,0.0010955234297279537,0.007271695137023926,0.002494721671337648,1.0,{'model__C': 1},0.5,0.6666666666666666,0.2857142857142857,0.25,0.3333333333333333,0.2857142857142857,0.75,0.5714285714285714,0.5714285714285714,0.2222222222222222,0.4436507936507936,0.18110895481653916,3
0.012915992736816406,0.0029121632287883352,0.007688999176025391,0.0012481643720320952,10.0,{'model__C': 10},0.5,0.6666666666666666,0.2857142857142857,0.25,0.3333333333333333,0.2857142857142857,0.75,0.3333333333333333,0.5714285714285714,0.2222222222222222,0.4198412698412698,0.17837555394843116,4
