mean_fit_time,std_fit_time,mean_score_time,std_score_time,param_model__C,params,split0_test_score,split1_test_score,split2_test_score,split3_test_score,split4_test_score,split5_test_score,split6_test_score,split7_test_score,split8_test_score,split9_test_score,mean_test_score,std_test_score,rank_test_score
0.012427830696105957,0.0008946324322561613,0.006891608238220215,0.0010021097747586884,0.01,{'model__C': 0.01},0.5,1.0,0.75,0.25,0.3333333333333333,0.2857142857142857,0.0,0.5714285714285714,0.25,0.6666666666666666,0.46071428571428574,0.27904162597172366,1
0.010536932945251464,0.0009781490257400776,0.0056166410446166996,0.0008026731793591003,0.1,{'model__C': 0.1},0.5,0.8571428571428571,0.5714285714285714,0.25,0.25,0.2857142857142857,0.0,0.5714285714285714,0.25,0.6666666666666666,0.42023809523809524,0.2419362793491421,2
0.012722015380859375,0.0011898076803670188,0.006142663955688477,0.0009146547741474475,1.0,{'model__C': 1},0.4,0.75,0.6666666666666666,0.4444444444444444,0.2857142857142857,0.25,0.0,0.3333333333333333,0.25,0.6666666666666666,0.40468253968253964,0.22112981210584254,3
0.011406564712524414,0.0023591117947048394,0.005491709709167481,0.0017130699282397602,10.0,{'model__C': 10},0.4,0.75,0.6666666666666666,0.4444444444444444,0.2857142857142857,0.25,0.0,0.3333333333333333,0.25,0.6666666666666666,0.40468253968253964,0.22112981210584254,3
