mean_fit_time,std_fit_time,mean_score_time,std_score_time,param_model__C,params,split0_test_score,split1_test_score,split2_test_score,split3_test_score,split4_test_score,split5_test_score,split6_test_score,split7_test_score,split8_test_score,split9_test_score,mean_test_score,std_test_score,rank_test_score
0.013501214981079101,0.007183566840257648,0.005988955497741699,0.00432565728060201,0.01,{'model__C': 0.01},0.6,0.5714285714285714,0.75,0.5,0.4,0.6,0.3333333333333333,0.5714285714285714,0.6666666666666666,0.75,0.5742857142857143,0.12867632405334745,1
0.012173604965209962,0.004661840894099644,0.005574274063110352,0.006511208612810879,0.1,{'model__C': 0.1},0.6666666666666666,0.5714285714285714,0.5714285714285714,0.5,0.4,0.4444444444444444,0.4,0.5714285714285714,0.8,0.75,0.5675396825396825,0.131550078982961,2
0.01431899070739746,0.006019268413019781,0.005751204490661621,0.005255300611358523,1.0,{'model__C': 1},0.5,0.5714285714285714,0.5714285714285714,0.5714285714285714,0.4,0.4444444444444444,0.4,0.6666666666666666,0.6666666666666666,0.5714285714285714,0.5363492063492064,0.09264852430113296,3
0.011640262603759766,0.005708292777475117,0.004460740089416504,0.005345305161762811,10.0,{'model__C': 10},0.5,0.5714285714285714,0.5714285714285714,0.5714285714285714,0.4,0.4444444444444444,0.4,0.6666666666666666,0.6666666666666666,0.5714285714285714,0.5363492063492064,0.09264852430113296,3
