mean_fit_time,std_fit_time,mean_score_time,std_score_time,param_model__C,params,split0_test_score,split1_test_score,split2_test_score,split3_test_score,split4_test_score,split5_test_score,split6_test_score,split7_test_score,split8_test_score,split9_test_score,mean_test_score,std_test_score,rank_test_score
0.004837465286254883,0.006389293618655057,0.005166006088256836,0.007132580531328277,0.01,{'model__C': 0.01},0.6666666666666666,0.6,0.75,0.5714285714285714,0.0,0.5,0.6666666666666666,0.2857142857142857,0.5714285714285714,0.6666666666666666,0.5278571428571428,0.2131186472909615,3
0.0051430463790893555,0.005637072154970816,0.004857015609741211,0.0074194010378039995,0.1,{'model__C': 0.1},0.6666666666666666,0.6666666666666666,0.75,0.5714285714285714,0.0,0.5,0.75,0.3333333333333333,0.5714285714285714,0.4,0.520952380952381,0.21774925770028458,4
0.006299829483032227,0.004429349510431058,0.004852509498596192,0.006345089963023307,1.0,{'model__C': 1},0.6666666666666666,0.6666666666666666,0.75,0.3333333333333333,0.0,0.5714285714285714,0.75,0.3333333333333333,0.8571428571428571,0.4,0.5328571428571428,0.2485896727477338,1
0.004104208946228027,0.003977361469305156,0.003426527976989746,0.005193130974516945,10.0,{'model__C': 10},0.6666666666666666,0.6666666666666666,0.75,0.3333333333333333,0.0,0.5714285714285714,0.75,0.3333333333333333,0.8571428571428571,0.4,0.5328571428571428,0.2485896727477338,1
