mean_fit_time,std_fit_time,mean_score_time,std_score_time,param_model__C,params,split0_test_score,split1_test_score,split2_test_score,split3_test_score,split4_test_score,split5_test_score,split6_test_score,split7_test_score,split8_test_score,split9_test_score,mean_test_score,std_test_score,rank_test_score
0.0004017353057861328,0.0012052059173583984,0.007676410675048828,0.00778719575171871,0.01,{'model__C': 0.01},0.5,1.0,0.75,0.25,0.3333333333333333,0.2857142857142857,0.0,0.5714285714285714,0.25,0.6666666666666666,0.46071428571428574,0.27904162597172366,1
0.005443096160888672,0.007090847760092072,0.0005007266998291015,0.0015021800994873048,0.1,{'model__C': 0.1},0.5,0.8571428571428571,0.5714285714285714,0.25,0.25,0.2857142857142857,0.0,0.5714285714285714,0.25,0.6666666666666666,0.42023809523809524,0.2419362793491421,2
0.0062484264373779295,0.006147845224105879,0.001210165023803711,0.0012580195933131152,1.0,{'model__C': 1},0.4,0.75,0.6666666666666666,0.4444444444444444,0.2857142857142857,0.25,0.0,0.3333333333333333,0.25,0.6666666666666666,0.40468253968253964,0.22112981210584254,3
0.0036249637603759767,0.006167970996870155,0.004718613624572754,0.006582572123970479,10.0,{'model__C': 10},0.4,0.75,0.6666666666666666,0.4444444444444444,0.2857142857142857,0.25,0.0,0.3333333333333333,0.25,0.6666666666666666,0.40468253968253964,0.22112981210584254,3
