feature,importance
ADRENALINA_N,0.2293496404873214
CAPNOMETRIA_TRANSFERENCIA,0.1564833190645435
IMC,0.14613043003640308
EDAD,0.1295656724414481
GRUPO_SANGUINEO,0.11409546621874035
COLESTEROL,0.06991697252773521
CAUSA_FALLECIMIENTO_DANC,0.05844843300640854
CAPNOMETRIA_TRANSFERENCIA_MISSING,0.04943597167404527
CARDIOCOMPRESION_EXTRAHOSPITALARIA,0.026967256899233752
RECUPERACION_ALGUN_MOMENTO,0.01478004988684433
SEXO,0.004826787757276454
ADRENALINA_N_MISSING,0.0
