feature,importance
EDAD,0.20312085614684697
IMC,0.19994350867287003
ADRENALINA_N,0.1558861968085933
CAPNOMETRIA_TRANSFERENCIA,0.14078068971819876
GRUPO_SANGUINEO,0.07989117136124232
CAPNOMETRIA_TRANSFERENCIA_MISSING,0.06085847183854486
CAUSA_FALLECIMIENTO_DANC,0.05914829658532981
COLESTEROL,0.05456006859739507
CARDIOCOMPRESION_EXTRAHOSPITALARIA,0.02144893422841551
RECUPERACION_ALGUN_MOMENTO,0.015390806868549989
SEXO,0.008970999174013436
ADRENALINA_N_MISSING,0.0
