mean_fit_time,std_fit_time,mean_score_time,std_score_time,param_model__C,params,split0_test_score,split1_test_score,split2_test_score,split3_test_score,split4_test_score,split5_test_score,split6_test_score,split7_test_score,split8_test_score,split9_test_score,mean_test_score,std_test_score,rank_test_score
0.011738753318786621,0.005594758399336668,0.0075712442398071286,0.005945329239618643,0.01,{'model__C': 0.01},0.75,0.3333333333333333,0.3333333333333333,0.2857142857142857,0.8571428571428571,0.8888888888888888,0.75,0.5714285714285714,0.2222222222222222,0.75,0.5742063492063492,0.2439172448249678,1
0.012451910972595214,0.0022889718174402287,0.006699872016906738,0.0020403508298110027,0.1,{'model__C': 0.1},0.6666666666666666,0.3333333333333333,0.3333333333333333,0.25,0.8571428571428571,0.8888888888888888,0.75,0.5,0.2857142857142857,0.75,0.5615079365079365,0.23615779183737015,4
0.010198879241943359,0.007034261580967153,0.007648181915283203,0.005912756348567216,1.0,{'model__C': 1},0.6666666666666666,0.3333333333333333,0.4,0.25,0.8571428571428571,0.8888888888888888,0.75,0.5,0.2857142857142857,0.75,0.5681746031746031,0.23049549801064356,2
0.010685038566589356,0.004300531183803941,0.006563258171081543,0.004866516284599934,10.0,{'model__C': 10},0.6666666666666666,0.3333333333333333,0.4,0.25,0.8571428571428571,0.8888888888888888,0.75,0.5,0.2857142857142857,0.75,0.5681746031746031,0.23049549801064356,2
