mean_fit_time,std_fit_time,mean_score_time,std_score_time,param_model__C,params,split0_test_score,split1_test_score,split2_test_score,split3_test_score,split4_test_score,split5_test_score,split6_test_score,split7_test_score,split8_test_score,split9_test_score,mean_test_score,std_test_score,rank_test_score
0.016478514671325682,0.0032982286459618936,0.0031074762344360353,0.005102793800994453,0.01,{'model__C': 0.01},0.8571428571428571,0.3333333333333333,0.5,0.3333333333333333,0.6666666666666666,0.6666666666666666,0.6666666666666666,0.8,0.5714285714285714,0.75,0.6145238095238095,0.17113880934344516,3
0.012674331665039062,0.0037589516368524314,0.005195760726928711,0.005314164101950247,0.1,{'model__C': 0.1},0.6666666666666666,0.3333333333333333,0.5714285714285714,0.3333333333333333,0.75,0.6666666666666666,0.6666666666666666,0.8,0.5714285714285714,0.75,0.6109523809523809,0.15523809523809526,4
0.01018991470336914,0.004654560708710598,0.0083359956741333,0.00589857738746543,1.0,{'model__C': 1},0.6666666666666666,0.5714285714285714,0.5714285714285714,0.3333333333333333,0.75,0.6666666666666666,0.6666666666666666,0.8,0.5714285714285714,0.75,0.6347619047619047,0.12641579165971467,2
0.012417435646057129,0.007177975968720634,0.00712897777557373,0.005202378458340325,10.0,{'model__C': 10},0.6666666666666666,0.5714285714285714,0.5714285714285714,0.4,0.75,0.8,0.6666666666666666,0.8,0.5714285714285714,0.75,0.6547619047619048,0.1209748760483789,1
