mean_fit_time,std_fit_time,mean_score_time,std_score_time,param_model__C,params,split0_test_score,split1_test_score,split2_test_score,split3_test_score,split4_test_score,split5_test_score,split6_test_score,split7_test_score,split8_test_score,split9_test_score,mean_test_score,std_test_score,rank_test_score
0.023641300201416016,0.005123402515217308,0.014909982681274414,0.004165480356139503,0.01,{'model__C': 0.01},0.5,0.6,0.6666666666666666,0.6666666666666666,0.5,0.5714285714285714,0.75,0.6666666666666666,0.2857142857142857,0.6666666666666666,0.5873809523809524,0.12580827114476764,1
0.017410135269165038,0.0017883923930088503,0.010773134231567384,0.0027235032309252897,0.1,{'model__C': 0.1},0.4444444444444444,0.4444444444444444,0.5714285714285714,0.5714285714285714,0.4444444444444444,0.5714285714285714,0.75,0.5714285714285714,0.25,0.5,0.5119047619047619,0.1237942603534084,2
0.018668580055236816,0.0027471809203037383,0.010770463943481445,0.0016223695706757593,1.0,{'model__C': 1},0.4444444444444444,0.5,0.5714285714285714,0.3333333333333333,0.4,0.5,0.75,0.5714285714285714,0.25,0.5,0.482063492063492,0.1314728473845277,3
0.01956651210784912,0.0036684221543106343,0.010940814018249511,0.0019382810566609242,10.0,{'model__C': 10},0.4444444444444444,0.5,0.5714285714285714,0.3333333333333333,0.4,0.5,0.75,0.5714285714285714,0.25,0.5,0.482063492063492,0.1314728473845277,3
