mean_fit_time,std_fit_time,mean_score_time,std_score_time,param_model__C,params,split0_test_score,split1_test_score,split2_test_score,split3_test_score,split4_test_score,split5_test_score,split6_test_score,split7_test_score,split8_test_score,split9_test_score,mean_test_score,std_test_score,rank_test_score
0.01298849582672119,0.001574072708374147,0.006892204284667969,0.0008430591197932877,0.01,{'model__C': 0.01},1.0,0.3333333333333333,0.2857142857142857,0.2857142857142857,0.4444444444444444,0.4444444444444444,0.6666666666666666,0.3333333333333333,0.5,0.6666666666666666,0.49603174603174605,0.21423426778076285,1
0.010199308395385742,0.0008967487884885267,0.021398711204528808,0.04624062446502484,0.1,{'model__C': 0.1},0.75,0.5714285714285714,0.25,0.2857142857142857,0.25,0.4444444444444444,0.6666666666666666,0.2857142857142857,0.5,0.5,0.4503968253968254,0.1704987459584199,2
0.010706925392150879,0.000893256513518879,0.005516767501831055,0.0006509521992249564,1.0,{'model__C': 1},0.75,0.5,0.25,0.25,0.25,0.4444444444444444,0.6666666666666666,0.2857142857142857,0.5,0.4444444444444444,0.4341269841269841,0.1692561497933896,3
0.01124887466430664,0.0010491131292246422,0.006076407432556152,0.0008998856715919525,10.0,{'model__C': 10},0.75,0.5,0.25,0.25,0.25,0.4444444444444444,0.6666666666666666,0.2857142857142857,0.5,0.4444444444444444,0.4341269841269841,0.1692561497933896,3
