mean_fit_time,std_fit_time,mean_score_time,std_score_time,param_model__C,params,split0_test_score,split1_test_score,split2_test_score,split3_test_score,split4_test_score,split5_test_score,split6_test_score,split7_test_score,split8_test_score,split9_test_score,mean_test_score,std_test_score,rank_test_score
0.006597089767456055,0.007147331133104761,0.0029300451278686523,0.004550642443099391,0.01,{'model__C': 0.01},1.0,0.3333333333333333,0.2857142857142857,0.2857142857142857,0.4444444444444444,0.4444444444444444,0.6666666666666666,0.3333333333333333,0.5,0.6666666666666666,0.49603174603174605,0.21423426778076285,1
0.0026020526885986326,0.0032584367585878865,0.003390216827392578,0.005465386492434988,0.1,{'model__C': 0.1},0.75,0.5714285714285714,0.25,0.2857142857142857,0.25,0.4444444444444444,0.6666666666666666,0.2857142857142857,0.5,0.5,0.4503968253968254,0.1704987459584199,2
0.003636074066162109,0.004626582037293713,0.0024621963500976564,0.004693492488307885,1.0,{'model__C': 1},0.75,0.5,0.25,0.25,0.25,0.4444444444444444,0.6666666666666666,0.2857142857142857,0.5,0.4444444444444444,0.4341269841269841,0.1692561497933896,3
0.006339859962463379,0.007764812186853421,0.0016283512115478516,0.004885053634643555,10.0,{'model__C': 10},0.75,0.5,0.25,0.25,0.25,0.4444444444444444,0.6666666666666666,0.2857142857142857,0.5,0.4444444444444444,0.4341269841269841,0.1692561497933896,3
