mean_fit_time,std_fit_time,mean_score_time,std_score_time,param_model__C,param_model__gamma,params,split0_test_score,split1_test_score,split2_test_score,split3_test_score,split4_test_score,mean_test_score,std_test_score,rank_test_score
0.01582512855529785,3.264910672998486e-05,0.0,0.0,0.1,scale,"{'model__C': 0.1, 'model__gamma': 'scale'}",0.5714285714285714,0.0,0.0,0.0,0.0,0.11428571428571428,0.22857142857142856,7
0.015385198593139648,0.006797734466970736,0.00047130584716796874,0.0009426116943359375,0.1,0.1,"{'model__C': 0.1, 'model__gamma': 0.1}",0.5714285714285714,0.0,0.0,0.0,0.0,0.11428571428571428,0.22857142857142856,7
0.015784263610839844,5.570715278956023e-05,0.0,0.0,0.1,0.01,"{'model__C': 0.1, 'model__gamma': 0.01}",0.5714285714285714,0.0,0.0,0.0,0.0,0.11428571428571428,0.22857142857142856,7
0.009484100341796874,0.007743857908686122,0.0031520366668701173,0.006304073333740235,1.0,scale,"{'model__C': 1, 'model__gamma': 'scale'}",0.5789473684210527,0.4375,0.5185185185185185,0.5,0.4,0.48699317738791426,0.06266735248344038,3
0.0063343048095703125,0.0077579368782620005,0.009498119354248047,0.0077551850291102155,1.0,0.1,"{'model__C': 1, 'model__gamma': 0.1}",0.5405405405405406,0.45161290322580644,0.5185185185185185,0.4827586206896552,0.3888888888888889,0.4764638943726819,0.05329349851913007,4
0.012694168090820312,0.006347138666794938,0.0022899150848388673,0.0045798301696777345,1.0,0.01,"{'model__C': 1, 'model__gamma': 0.01}",0.5714285714285714,0.5142857142857142,0.5806451612903226,0.55,0.6666666666666666,0.576605222734255,0.050489090931557526,1
0.013989925384521484,0.0015077148557080878,0.0018787384033203125,0.0023102570071386838,10.0,scale,"{'model__C': 10, 'model__gamma': 'scale'}",0.4,0.5294117647058824,0.5,0.6,0.30303030303030304,0.4664884135472371,0.103968246397199,6
0.01901860237121582,0.006448764374722089,0.0,0.0,10.0,0.1,"{'model__C': 10, 'model__gamma': 0.1}",0.35294117647058826,0.6060606060606061,0.5,0.6,0.30303030303030304,0.4724064171122995,0.12479197264025438,5
0.0,0.0,0.01590876579284668,0.00010673043033698428,10.0,0.01,"{'model__C': 10, 'model__gamma': 0.01}",0.5945945945945946,0.4,0.4827586206896552,0.6111111111111112,0.5714285714285714,0.5319785795647866,0.0794732339354631,2
