mean_fit_time,std_fit_time,mean_score_time,std_score_time,param_model__C,param_model__gamma,params,split0_test_score,split1_test_score,split2_test_score,split3_test_score,split4_test_score,mean_test_score,std_test_score,rank_test_score
0.006610679626464844,0.0010035882976790007,0.004664087295532226,0.0011218442398333475,0.1,scale,"{'model__C': 0.1, 'model__gamma': 'scale'}",0.56,0.0,0.0,0.0,0.0,0.11200000000000002,0.22400000000000003,7
0.006349802017211914,0.0013364220105839667,0.004048347473144531,0.0006391204274096238,0.1,0.1,"{'model__C': 0.1, 'model__gamma': 0.1}",0.56,0.0,0.0,0.0,0.0,0.11200000000000002,0.22400000000000003,7
0.006884908676147461,0.0011200141819850155,0.004455995559692383,0.0005262781400902948,0.1,0.01,"{'model__C': 0.1, 'model__gamma': 0.01}",0.56,0.0,0.0,0.0,0.0,0.11200000000000002,0.22400000000000003,7
0.006186866760253906,0.0014099596358598504,0.004784440994262696,0.0007710337800125451,1.0,scale,"{'model__C': 1, 'model__gamma': 'scale'}",0.625,0.4,0.6,0.7142857142857143,0.3333333333333333,0.5345238095238096,0.1437787731235283,4
0.006726121902465821,0.0011027709113700253,0.005064821243286133,0.0006920113218525056,1.0,0.1,"{'model__C': 1, 'model__gamma': 0.1}",0.625,0.4,0.6,0.7142857142857143,0.3333333333333333,0.5345238095238096,0.1437787731235283,4
0.006550836563110352,0.0007440442305710065,0.004405164718627929,0.0005078089758273289,1.0,0.01,"{'model__C': 1, 'model__gamma': 0.01}",0.6666666666666666,0.3333333333333333,0.5454545454545454,0.625,0.5,0.5340909090909091,0.11613416452087796,6
0.007806539535522461,0.006410587332274689,0.003182506561279297,0.0016956191134774562,10.0,scale,"{'model__C': 10, 'model__gamma': 'scale'}",0.625,0.6153846153846154,0.5454545454545454,0.6666666666666666,0.6666666666666666,0.6238344988344988,0.0444642895311126,1
0.0066416263580322266,0.0008198334770625231,0.003543233871459961,0.0005635154651771525,10.0,0.1,"{'model__C': 10, 'model__gamma': 0.1}",0.625,0.6153846153846154,0.5454545454545454,0.6666666666666666,0.6666666666666666,0.6238344988344988,0.0444642895311126,1
0.005231475830078125,0.002712092375749735,0.0054782390594482425,0.003576649578571342,10.0,0.01,"{'model__C': 10, 'model__gamma': 0.01}",0.6666666666666666,0.5,0.5454545454545454,0.6666666666666666,0.4,0.5557575757575757,0.10205599932020251,3
