mean_fit_time,std_fit_time,mean_score_time,std_score_time,param_model__C,params,split0_test_score,split1_test_score,split2_test_score,split3_test_score,split4_test_score,split5_test_score,split6_test_score,split7_test_score,split8_test_score,split9_test_score,mean_test_score,std_test_score,rank_test_score
0.013537263870239258,0.003940977050125347,0.00768733024597168,0.0046649042977280975,0.01,{'model__C': 0.01},0.75,0.5,0.8,0.4444444444444444,0.6666666666666666,0.6,0.4,0.5714285714285714,0.5,1.0,0.6232539682539683,0.17508593074364617,4
0.010924220085144043,0.002779502179083707,0.007837581634521484,0.0032809990496104483,0.1,{'model__C': 0.1},1.0,0.5,0.8,0.4444444444444444,0.6666666666666666,0.6,0.4,0.5,0.5714285714285714,1.0,0.6482539682539683,0.2064397847597949,3
0.012264347076416016,0.0029870234078291018,0.007561326026916504,0.005494309253879376,1.0,{'model__C': 1},1.0,0.5,0.8,0.4444444444444444,0.6666666666666666,0.75,0.4,0.5714285714285714,0.5714285714285714,0.8571428571428571,0.6561111111111111,0.18368791725321068,2
0.009654784202575683,0.004774443056539992,0.007660388946533203,0.005208959043867416,10.0,{'model__C': 10},1.0,0.6666666666666666,0.8,0.4444444444444444,0.5714285714285714,0.75,0.6666666666666666,0.5714285714285714,0.5714285714285714,0.8571428571428571,0.6899206349206348,0.1559809739933733,1
