mean_fit_time,std_fit_time,mean_score_time,std_score_time,param_model__C,params,split0_test_score,split1_test_score,split2_test_score,split3_test_score,split4_test_score,split5_test_score,split6_test_score,split7_test_score,split8_test_score,split9_test_score,mean_test_score,std_test_score,rank_test_score
0.019088006019592284,0.003905451683955836,0.012544655799865722,0.006010728296684808,0.01,{'model__C': 0.01},0.5454545454545454,0.4,0.5,0.75,0.2857142857142857,0.4,0.5714285714285714,0.2857142857142857,0.75,0.4,0.48883116883116884,0.15898347817175998,1
0.014685344696044923,0.002053408336167232,0.008614039421081543,0.0014046920212447626,0.1,{'model__C': 0.1},0.5454545454545454,0.36363636363636365,0.5,0.6666666666666666,0.2857142857142857,0.4,0.2857142857142857,0.2857142857142857,0.5,0.3333333333333333,0.4166233766233766,0.12428000698595582,2
0.012707138061523437,0.0017180904825040127,0.00788130760192871,0.002064225109157276,1.0,{'model__C': 1},0.5454545454545454,0.36363636363636365,0.5,0.6666666666666666,0.2857142857142857,0.4,0.2857142857142857,0.2857142857142857,0.5,0.3333333333333333,0.4166233766233766,0.12428000698595582,2
0.013071942329406738,0.0018967792504199473,0.007535672187805176,0.0010147695878177428,10.0,{'model__C': 10},0.5454545454545454,0.36363636363636365,0.2857142857142857,0.6666666666666666,0.2857142857142857,0.4,0.2857142857142857,0.2857142857142857,0.5,0.2857142857142857,0.3904329004329004,0.1296075917767929,4
