mean_fit_time,std_fit_time,mean_score_time,std_score_time,param_model__C,params,split0_test_score,split1_test_score,split2_test_score,split3_test_score,split4_test_score,split5_test_score,split6_test_score,split7_test_score,split8_test_score,split9_test_score,mean_test_score,std_test_score,rank_test_score
0.012808418273925782,0.0023065575257645824,0.0075500249862670895,0.0017341972483579029,0.01,{'model__C': 0.01},0.75,0.75,0.6666666666666666,0.5714285714285714,0.25,0.3333333333333333,0.3333333333333333,0.8,0.5714285714285714,0.5,0.5526190476190476,0.18529699761265167,1
0.011780142784118652,0.0012300236009624352,0.007647562026977539,0.0011623467788800153,0.1,{'model__C': 0.1},0.6666666666666666,0.75,0.6666666666666666,0.5,0.25,0.3333333333333333,0.3333333333333333,0.6666666666666666,0.5714285714285714,0.5714285714285714,0.5309523809523808,0.1626383938851244,2
0.012828421592712403,0.001059685898144519,0.0071045875549316405,0.0009073432299096122,1.0,{'model__C': 1},0.6666666666666666,0.75,0.6666666666666666,0.5,0.25,0.3333333333333333,0.3333333333333333,0.5,0.5714285714285714,0.5714285714285714,0.5142857142857142,0.15629279459310771,3
0.013651180267333984,0.0018997953846810643,0.0069481849670410155,0.001069352010816106,10.0,{'model__C': 10},0.6666666666666666,0.75,0.6666666666666666,0.5,0.2222222222222222,0.3333333333333333,0.3333333333333333,0.5,0.5,0.5714285714285714,0.5043650793650792,0.15990094013981396,4
