mean_fit_time,std_fit_time,mean_score_time,std_score_time,param_model__C,params,split0_test_score,split1_test_score,split2_test_score,split3_test_score,split4_test_score,split5_test_score,split6_test_score,split7_test_score,split8_test_score,split9_test_score,mean_test_score,std_test_score,rank_test_score
0.011625027656555176,0.0009738499078651984,0.006159496307373047,0.0006389049141748522,0.01,{'model__C': 0.01},0.6,0.6666666666666666,0.4,0.8571428571428571,0.5714285714285714,0.75,0.3333333333333333,0.8,0.2857142857142857,0.5,0.5764285714285714,0.18660485492635548,1
0.010676884651184082,0.0007820963920428305,0.00614619255065918,0.0009709433866861273,0.1,{'model__C': 0.1},0.6,0.6666666666666666,0.4,0.5714285714285714,0.5714285714285714,0.75,0.3333333333333333,0.8,0.2857142857142857,0.5714285714285714,0.5549999999999999,0.16094410376011728,2
0.011868619918823242,0.000806829066723873,0.005901956558227539,0.0007271997119816286,1.0,{'model__C': 1},0.4444444444444444,0.75,0.4,0.5,0.4,0.75,0.4,0.8,0.2857142857142857,0.5714285714285714,0.5301587301587302,0.17029719253953682,4
0.011828398704528809,0.0015928918290922188,0.0058502197265625,0.0008817021824809826,10.0,{'model__C': 10},0.4444444444444444,0.8571428571428571,0.4,0.5,0.4,0.75,0.4,0.8,0.2857142857142857,0.5714285714285714,0.5408730158730158,0.18640059389898866,3
