mean_fit_time,std_fit_time,mean_score_time,std_score_time,param_model__C,params,split0_test_score,split1_test_score,split2_test_score,split3_test_score,split4_test_score,split5_test_score,split6_test_score,split7_test_score,split8_test_score,split9_test_score,mean_test_score,std_test_score,rank_test_score
0.0050800561904907225,0.007213866769317681,0.004104733467102051,0.006493830353643218,0.01,{'model__C': 0.01},0.75,0.75,0.6666666666666666,0.5714285714285714,0.25,0.3333333333333333,0.3333333333333333,0.8,0.5714285714285714,0.5,0.5526190476190476,0.18529699761265167,1
0.005292296409606934,0.007157383427277895,0.003982019424438476,0.006510380829197748,0.1,{'model__C': 0.1},0.6666666666666666,0.75,0.6666666666666666,0.5,0.25,0.3333333333333333,0.3333333333333333,0.6666666666666666,0.5714285714285714,0.5714285714285714,0.5309523809523808,0.1626383938851244,2
0.005489873886108399,0.00739914312790532,0.0034867048263549803,0.006220719091878198,1.0,{'model__C': 1},0.6666666666666666,0.75,0.6666666666666666,0.5,0.25,0.3333333333333333,0.3333333333333333,0.5,0.5714285714285714,0.5714285714285714,0.5142857142857142,0.15629279459310771,3
0.006755900382995605,0.006589953224577108,0.0038347244262695312,0.004854712690121648,10.0,{'model__C': 10},0.6666666666666666,0.75,0.6666666666666666,0.5,0.2222222222222222,0.3333333333333333,0.3333333333333333,0.5,0.5,0.5714285714285714,0.5043650793650792,0.15990094013981396,4
