mean_fit_time,std_fit_time,mean_score_time,std_score_time,param_model__C,params,split0_test_score,split1_test_score,split2_test_score,split3_test_score,split4_test_score,split5_test_score,split6_test_score,split7_test_score,split8_test_score,split9_test_score,mean_test_score,std_test_score,rank_test_score
0.016058349609375,0.003945873103497528,0.009602952003479003,0.0020386661338939755,0.01,{'model__C': 0.01},0.8,0.6666666666666666,0.0,0.0,0.5,0.8571428571428571,0.5,1.0,1.0,0.4,0.5723809523809524,0.3468340778398519,4
0.011545205116271972,0.0017533359413699785,0.007537698745727539,0.0014292960574654658,0.1,{'model__C': 0.1},0.8,0.6666666666666666,0.0,0.6666666666666666,0.5,0.8571428571428571,0.5,1.0,1.0,0.4,0.6390476190476191,0.28978684793061277,2
0.01247236728668213,0.0016629139451660986,0.007886099815368652,0.000793382529468573,1.0,{'model__C': 1},0.8,0.6666666666666666,0.0,0.6666666666666666,0.5,0.6666666666666666,0.6666666666666666,1.0,1.0,0.4,0.6366666666666667,0.278268455512538,3
0.016199159622192382,0.0024159193833033737,0.008434057235717773,0.0010896155601516576,10.0,{'model__C': 10},1.0,0.6666666666666666,0.0,0.6666666666666666,0.5,0.6666666666666666,0.6666666666666666,1.0,1.0,0.4,0.6566666666666666,0.2959166549328825,1
