mean_fit_time,std_fit_time,mean_score_time,std_score_time,param_model__C,params,split0_test_score,split1_test_score,split2_test_score,split3_test_score,split4_test_score,split5_test_score,split6_test_score,split7_test_score,split8_test_score,split9_test_score,mean_test_score,std_test_score,rank_test_score
0.02306525707244873,0.022950700587479493,0.013694262504577637,0.011675094273978216,0.01,{'model__C': 0.01},0.8,0.6666666666666666,0.0,0.5,0.4,0.8571428571428571,0.5,1.0,1.0,0.4,0.6123809523809525,0.2981667341615161,4
0.018448138236999513,0.019624128529224998,0.009655332565307618,0.005279601669893355,0.1,{'model__C': 0.1},0.8,0.6666666666666666,0.0,0.5,0.5,0.8571428571428571,0.5,1.0,1.0,0.4,0.6223809523809525,0.2924992005338222,2
0.013619208335876464,0.010904594431395662,0.010782599449157715,0.0036901902407039024,1.0,{'model__C': 1},0.8,0.6666666666666666,0.0,0.5,0.5,0.6666666666666666,0.6666666666666666,1.0,1.0,0.4,0.62,0.28095076674273967,3
0.014618563652038574,0.0044555760257173945,0.011397624015808105,0.005036602301785532,10.0,{'model__C': 10},0.8,0.6666666666666666,0.0,0.8,0.5,0.6666666666666666,0.6666666666666666,1.0,1.0,0.4,0.65,0.2825479310370779,1
