mean_fit_time,std_fit_time,mean_score_time,std_score_time,param_model__C,params,split0_test_score,split1_test_score,split2_test_score,split3_test_score,split4_test_score,split5_test_score,split6_test_score,split7_test_score,split8_test_score,split9_test_score,mean_test_score,std_test_score,rank_test_score
0.011376357078552246,0.0005836791206078347,0.006230878829956055,0.000484556723354516,0.01,{'model__C': 0.01},0.8,0.6666666666666666,0.0,0.5,0.4,0.8571428571428571,0.5,1.0,1.0,0.4,0.6123809523809525,0.2981667341615161,4
0.009726858139038086,0.0014338983543879184,0.006036210060119629,0.0009369489129587588,0.1,{'model__C': 0.1},0.8,0.6666666666666666,0.0,0.5,0.5,0.8571428571428571,0.5,1.0,1.0,0.4,0.6223809523809525,0.2924992005338222,2
0.010619497299194336,0.0014405717048238513,0.005731892585754394,0.0007741406035724383,1.0,{'model__C': 1},0.8,0.6666666666666666,0.0,0.5,0.5,0.6666666666666666,0.6666666666666666,1.0,1.0,0.4,0.62,0.28095076674273967,3
0.012534475326538086,0.0032503154739349674,0.007366752624511719,0.003530371351236974,10.0,{'model__C': 10},0.8,0.6666666666666666,0.0,0.8,0.5,0.6666666666666666,0.6666666666666666,1.0,1.0,0.4,0.65,0.2825479310370779,1
