mean_fit_time,std_fit_time,mean_score_time,std_score_time,param_model__C,params,split0_test_score,split1_test_score,split2_test_score,split3_test_score,split4_test_score,split5_test_score,split6_test_score,split7_test_score,split8_test_score,split9_test_score,mean_test_score,std_test_score,rank_test_score
0.015156912803649902,0.003601869939740575,0.007526946067810058,0.002811994479843692,0.01,{'model__C': 0.01},0.8,0.6666666666666666,0.0,0.5,0.4,0.8571428571428571,0.5,1.0,1.0,0.4,0.6123809523809525,0.2981667341615161,4
0.012780308723449707,0.0071657967506723735,0.008211135864257812,0.004656088539587143,0.1,{'model__C': 0.1},0.8,0.6666666666666666,0.0,0.5,0.5,0.8571428571428571,0.5,1.0,1.0,0.4,0.6223809523809525,0.2924992005338222,2
0.012475299835205077,0.009708203394802427,0.008684539794921875,0.005845252843267658,1.0,{'model__C': 1},0.8,0.6666666666666666,0.0,0.5,0.5,0.6666666666666666,0.6666666666666666,1.0,1.0,0.4,0.62,0.28095076674273967,3
0.014691042900085449,0.007188340777791442,0.009392690658569337,0.0069102610071044065,10.0,{'model__C': 10},0.8,0.6666666666666666,0.0,0.8,0.5,0.6666666666666666,0.6666666666666666,1.0,1.0,0.4,0.65,0.2825479310370779,1
