mean_fit_time,std_fit_time,mean_score_time,std_score_time,param_model__C,params,split0_test_score,split1_test_score,split2_test_score,split3_test_score,split4_test_score,split5_test_score,split6_test_score,split7_test_score,split8_test_score,split9_test_score,mean_test_score,std_test_score,rank_test_score
0.01058182716369629,0.008623567802858431,0.010439920425415038,0.005867962170165011,0.01,{'model__C': 0.01},0.8,0.6666666666666666,0.0,0.5,0.4,0.8571428571428571,0.5,1.0,1.0,0.4,0.6123809523809525,0.2981667341615161,4
0.008827471733093261,0.004500599000653718,0.008544445037841797,0.004031957223855989,0.1,{'model__C': 0.1},0.8,0.6666666666666666,0.0,0.5,0.5,0.8571428571428571,0.5,1.0,1.0,0.4,0.6223809523809525,0.2924992005338222,2
0.013069629669189453,0.005311057202008154,0.007210779190063477,0.004744152850609435,1.0,{'model__C': 1},0.8,0.6666666666666666,0.0,0.5,0.5,0.6666666666666666,0.6666666666666666,1.0,1.0,0.4,0.62,0.28095076674273967,3
0.010378146171569824,0.0032337373051074974,0.005772185325622558,0.0038976033898517294,10.0,{'model__C': 10},0.8,0.6666666666666666,0.0,0.8,0.5,0.6666666666666666,0.6666666666666666,1.0,1.0,0.4,0.65,0.2825479310370779,1
