mean_fit_time,std_fit_time,mean_score_time,std_score_time,param_model__C,params,split0_test_score,split1_test_score,split2_test_score,split3_test_score,split4_test_score,split5_test_score,split6_test_score,split7_test_score,split8_test_score,split9_test_score,mean_test_score,std_test_score,rank_test_score
0.00422818660736084,0.004659159421928334,0.002220439910888672,0.003675108976219445,0.01,{'model__C': 0.01},0.8,0.6666666666666666,0.0,0.5,0.4,0.8571428571428571,0.5,1.0,1.0,0.4,0.6123809523809525,0.2981667341615161,4
0.003615117073059082,0.00470924400912696,0.002483654022216797,0.004525782993277876,0.1,{'model__C': 0.1},0.8,0.6666666666666666,0.0,0.5,0.5,0.8571428571428571,0.5,1.0,1.0,0.4,0.6223809523809525,0.2924992005338222,2
0.004798197746276855,0.00732943103705614,0.0015667438507080077,0.004700231552124024,1.0,{'model__C': 1},0.8,0.6666666666666666,0.0,0.5,0.5,0.6666666666666666,0.6666666666666666,1.0,1.0,0.4,0.62,0.28095076674273967,3
0.00706639289855957,0.007684284311363328,0.00040955543518066405,0.0008191334169704397,10.0,{'model__C': 10},0.8,0.6666666666666666,0.0,0.8,0.5,0.6666666666666666,0.6666666666666666,1.0,1.0,0.4,0.65,0.2825479310370779,1
