mean_fit_time,std_fit_time,mean_score_time,std_score_time,param_model__C,param_model__gamma,params,split0_test_score,split1_test_score,split2_test_score,split3_test_score,split4_test_score,mean_test_score,std_test_score,rank_test_score
0.0032832145690917967,0.0004108285281574471,0.0025901317596435545,0.00048379072787244515,0.1,scale,"{'model__C': 0.1, 'model__gamma': 'scale'}",0.56,0.0,0.0,0.0,0.0,0.11200000000000002,0.22400000000000003,7
0.0006000518798828125,0.001200103759765625,0.00360255241394043,0.0062516207531558765,0.1,0.1,"{'model__C': 0.1, 'model__gamma': 0.1}",0.56,0.0,0.0,0.0,0.0,0.11200000000000002,0.22400000000000003,7
0.0004029273986816406,0.0008058547973632812,0.006255817413330078,0.007666923027988873,0.1,0.01,"{'model__C': 0.1, 'model__gamma': 0.01}",0.56,0.0,0.0,0.0,0.0,0.11200000000000002,0.22400000000000003,7
0.001622915267944336,0.0013811677884378061,0.0008004188537597656,0.0009803140003897897,1.0,scale,"{'model__C': 1, 'model__gamma': 'scale'}",0.5454545454545454,0.5,0.5,0.4444444444444444,0.42857142857142855,0.4836940836940837,0.04224964316775836,4
0.006034946441650391,0.006067464957687124,0.0022072792053222656,0.0004055499610026235,1.0,0.1,"{'model__C': 1, 'model__gamma': 0.1}",0.5,0.5,0.5,0.4444444444444444,0.42857142857142855,0.4746031746031746,0.03150703689091939,6
0.0037816047668457033,0.006179709620241462,0.0,0.0,1.0,0.01,"{'model__C': 1, 'model__gamma': 0.01}",0.6363636363636364,0.42857142857142855,0.5882352941176471,0.3333333333333333,0.5,0.49730073847720907,0.10883372361598583,1
0.0006016254425048828,0.0012032508850097657,0.0072441577911376955,0.007742054516614714,10.0,scale,"{'model__C': 10, 'model__gamma': 'scale'}",0.375,0.5,0.6,0.5,0.4,0.475,0.08062257748298547,5
0.004215145111083984,0.006044512048436539,0.0004063129425048828,0.0008126258850097656,10.0,0.1,"{'model__C': 10, 'model__gamma': 0.1}",0.375,0.5,0.5454545454545454,0.5,0.5454545454545454,0.49318181818181817,0.06248966856757963,2
0.0020694732666015625,0.0017186370952308827,0.0006139755249023437,0.0008099038270247016,10.0,0.01,"{'model__C': 10, 'model__gamma': 0.01}",0.6086956521739131,0.4,0.5,0.4,0.5333333333333333,0.4884057971014492,0.08031653404917269,3
