mean_fit_time,std_fit_time,mean_score_time,std_score_time,param_model__C,param_model__gamma,params,split0_test_score,split1_test_score,split2_test_score,split3_test_score,split4_test_score,mean_test_score,std_test_score,rank_test_score
0.009536552429199218,0.0077867106803402785,0.003166675567626953,0.006333351135253906,0.1,scale,"{'model__C': 0.1, 'model__gamma': 'scale'}",0.0,0.5555555555555556,0.0,0.0,0.0,0.11111111111111112,0.22222222222222224,7
0.0031658172607421874,0.006331634521484375,0.006317567825317383,0.007737409023306302,0.1,0.1,"{'model__C': 0.1, 'model__gamma': 0.1}",0.0,0.5555555555555556,0.0,0.0,0.0,0.11111111111111112,0.22222222222222224,7
0.009516096115112305,0.007769927031578832,0.0031639575958251954,0.006327915191650392,0.1,0.01,"{'model__C': 0.1, 'model__gamma': 0.01}",0.0,0.5555555555555556,0.0,0.0,0.0,0.11111111111111112,0.22222222222222224,7
0.0031682491302490235,0.006336498260498047,0.006321144104003906,0.007741789034167486,1.0,scale,"{'model__C': 1, 'model__gamma': 'scale'}",0.35714285714285715,0.4117647058823529,0.45714285714285713,0.3225806451612903,0.2,0.3497262130658715,0.08786004479964268,4
0.009495782852172851,0.007753287071497438,0.003159189224243164,0.006318378448486329,1.0,0.1,"{'model__C': 1, 'model__gamma': 0.1}",0.37037037037037035,0.42424242424242425,0.45714285714285713,0.3333333333333333,0.2,0.35701779701779696,0.08937338729847452,3
0.009488391876220702,0.007747246336356503,0.0,0.0,1.0,0.01,"{'model__C': 1, 'model__gamma': 0.01}",0.08,0.3157894736842105,0.3888888888888889,0.34146341463414637,0.3888888888888889,0.3030061332192269,0.11500070189654608,6
0.006319999694824219,0.007740388059431583,0.006330728530883789,0.007753527303671414,10.0,scale,"{'model__C': 10, 'model__gamma': 'scale'}",0.5294117647058824,0.4375,0.5142857142857142,0.3870967741935484,0.3448275862068966,0.44262436787840825,0.0711915502414252,1
0.009493637084960937,0.007751522851582837,0.0031615257263183593,0.006323051452636719,10.0,0.1,"{'model__C': 10, 'model__gamma': 0.1}",0.5454545454545454,0.4117647058823529,0.5142857142857142,0.3870967741935484,0.3448275862068966,0.44068586520461145,0.07653815771288622,2
0.009499120712280273,0.007756015839503761,0.0031577587127685548,0.006315517425537109,10.0,0.01,"{'model__C': 10, 'model__gamma': 0.01}",0.23076923076923078,0.375,0.42424242424242425,0.30303030303030304,0.4,0.34660839160839163,0.07071287193258108,5
