feature,importance
CAPNOMETRIA_TRANSFERENCIA,0.16586831903274923
EDAD,0.16194422582946105
ADRENALINA_N,0.15759494528069792
IMC,0.14140870413665138
COLESTEROL,0.09114747417760959
CAUSA_FALLECIMIENTO_DANC,0.07623797943228809
GRUPO_SANGUINEO,0.0680273945675465
CARDIOCOMPRESION_EXTRAHOSPITALARIA,0.05248484484088187
CAPNOMETRIA_TRANSFERENCIA_MISSING,0.043950753907494346
SEXO,0.022874437183563804
RECUPERACION_ALGUN_MOMENTO,0.01846092161105632
ADRENALINA_N_MISSING,0.0
