feature,importance
EDAD,0.24123825119888492
IMC,0.14726530779422875
ADRENALINA_N,0.14726459724413074
CAPNOMETRIA_TRANSFERENCIA,0.1424465016800707
COLESTEROL,0.0967075937920659
CAUSA_FALLECIMIENTO_DANC,0.06927787091468815
CARDIOCOMPRESION_EXTRAHOSPITALARIA,0.05734861128295722
CAPNOMETRIA_TRANSFERENCIA_MISSING,0.05275029665184622
GRUPO_SANGUINEO,0.03435030519016147
SEXO,0.006760084904065939
RECUPERACION_ALGUN_MOMENTO,0.004590579346899857
ADRENALINA_N_MISSING,0.0
