mean_fit_time,std_fit_time,mean_score_time,std_score_time,param_model__C,params,split0_test_score,split1_test_score,split2_test_score,split3_test_score,split4_test_score,mean_test_score,std_test_score,rank_test_score
0.00567479133605957,0.0007666388230395303,0.0030028820037841797,0.000618557252879203,0.01,{'model__C': 0.01},0.8,0.0,0.8,0.6666666666666666,0.6666666666666666,0.5866666666666667,0.29933259094191533,4
0.005388021469116211,0.0005242331756184433,0.002420377731323242,0.0005105692405496675,0.1,{'model__C': 0.1},0.8,0.3333333333333333,0.6666666666666666,0.6666666666666666,0.6666666666666666,0.6266666666666666,0.15549205052920803,3
0.005125188827514648,0.0004435633104947456,0.0028098106384277345,0.00039176687873089983,1.0,{'model__C': 1},0.8,0.5714285714285714,0.5,0.6666666666666666,0.6666666666666666,0.6409523809523809,0.10131113254835963,2
0.0056343555450439455,0.0007729967359111232,0.00286712646484375,0.0004035936749478977,10.0,{'model__C': 10},0.8,0.5714285714285714,0.5,0.75,0.6666666666666666,0.6576190476190475,0.11059927462006822,1
