mean_fit_time,std_fit_time,mean_score_time,std_score_time,param_model__C,params,split0_test_score,split1_test_score,split2_test_score,split3_test_score,split4_test_score,mean_test_score,std_test_score,rank_test_score
0.017125034332275392,0.01023775320186884,0.0034860610961914063,0.00430955796409634,0.01,{'model__C': 0.01},0.6666666666666666,0.8,0.6,0.4,0.6666666666666666,0.6266666666666667,0.13063945294843618,1
0.007858800888061523,0.008075883841161242,0.008091878890991212,0.0050981849539090025,0.1,{'model__C': 0.1},0.6666666666666666,0.75,0.6,0.4444444444444444,0.6666666666666666,0.6255555555555555,0.10229466032430137,2
0.011575555801391602,0.004216832694162865,0.005991315841674805,0.0033436688206827324,1.0,{'model__C': 1},0.6666666666666666,0.5714285714285714,0.4444444444444444,0.4,0.6666666666666666,0.5498412698412698,0.11074588500528325,3
0.012569475173950195,0.004479479792715975,0.0073035240173339845,0.004935108286921101,10.0,{'model__C': 10},0.6153846153846154,0.5714285714285714,0.4444444444444444,0.4,0.6666666666666666,0.5395848595848596,0.10143474973881593,4
