mean_fit_time,std_fit_time,mean_score_time,std_score_time,param_model__C,params,split0_test_score,split1_test_score,split2_test_score,split3_test_score,split4_test_score,split5_test_score,split6_test_score,split7_test_score,split8_test_score,split9_test_score,mean_test_score,std_test_score,rank_test_score
0.026225757598876954,0.008412902204678902,0.016079092025756837,0.00709922060088704,0.01,{'model__C': 0.01},0.5714285714285714,0.6666666666666666,0.2222222222222222,0.6666666666666666,0.5714285714285714,0.7272727272727273,0.5714285714285714,0.0,0.5714285714285714,0.0,0.45685425685425685,0.26194685600213286,1
0.02545626163482666,0.009389442434509478,0.016305828094482423,0.011845945563352167,0.1,{'model__C': 0.1},0.5714285714285714,0.6666666666666666,0.2222222222222222,0.6666666666666666,0.5,0.7272727272727273,0.5714285714285714,0.0,0.5714285714285714,0.0,0.44971139971139973,0.2596893588893879,2
0.014761686325073242,0.0016229113625963773,0.009740447998046875,0.0024011440708858306,1.0,{'model__C': 1},0.5714285714285714,0.6666666666666666,0.25,0.2857142857142857,0.5,0.6,0.3333333333333333,0.0,0.5,0.0,0.3707142857142857,0.22625826051995257,4
0.01627681255340576,0.00497052289091842,0.00951073169708252,0.003083353521370972,10.0,{'model__C': 10},0.5714285714285714,0.6666666666666666,0.4444444444444444,0.2857142857142857,0.5,0.6,0.2857142857142857,0.0,0.5,0.0,0.3853968253968254,0.22504757202640754,3
