mean_fit_time,std_fit_time,mean_score_time,std_score_time,param_model__C,params,split0_test_score,split1_test_score,split2_test_score,split3_test_score,split4_test_score,split5_test_score,split6_test_score,split7_test_score,split8_test_score,split9_test_score,mean_test_score,std_test_score,rank_test_score
0.007393407821655274,0.0056841383241955255,0.0015949964523315429,0.004784989356994629,0.01,{'model__C': 0.01},0.5,0.4,0.6,0.2222222222222222,0.5714285714285714,0.0,0.8,0.75,0.3333333333333333,0.5,0.4676984126984127,0.22849647415206306,1
0.00724022388458252,0.00916710643518414,0.0031739473342895508,0.006347894856851423,0.1,{'model__C': 0.1},0.4444444444444444,0.4444444444444444,0.6,0.2222222222222222,0.5714285714285714,0.0,0.6666666666666666,0.75,0.3333333333333333,0.4444444444444444,0.4476984126984127,0.21029093872909652,2
0.008014369010925292,0.007224052991781355,0.0016143321990966797,0.004842996597290039,1.0,{'model__C': 1},0.25,0.4444444444444444,0.5454545454545454,0.2222222222222222,0.75,0.0,0.6666666666666666,0.75,0.2857142857142857,0.4444444444444444,0.43589466089466083,0.23569061269860198,3
0.007113933563232422,0.00707830782556935,0.0032224416732788085,0.005480161658544586,10.0,{'model__C': 10},0.25,0.4444444444444444,0.5454545454545454,0.2222222222222222,0.75,0.0,0.6666666666666666,0.75,0.2857142857142857,0.4444444444444444,0.43589466089466083,0.23569061269860198,3
