mean_fit_time,std_fit_time,mean_score_time,std_score_time,param_model__C,params,split0_test_score,split1_test_score,split2_test_score,split3_test_score,split4_test_score,split5_test_score,split6_test_score,split7_test_score,split8_test_score,split9_test_score,mean_test_score,std_test_score,rank_test_score
0.003027677536010742,0.004856265028858822,0.003197455406188965,0.006093349226928227,0.01,{'model__C': 0.01},0.8888888888888888,0.5,0.6666666666666666,0.4444444444444444,0.6666666666666666,0.2857142857142857,0.4,0.0,0.6,0.8,0.5252380952380953,0.24686540787326677,1
0.0036426544189453124,0.006327918669852147,0.003432965278625488,0.006361900066153116,0.1,{'model__C': 0.1},0.8888888888888888,0.5,0.6666666666666666,0.4444444444444444,0.6,0.2857142857142857,0.4,0.0,0.6,0.8,0.5185714285714285,0.24383768231903796,2
0.003659772872924805,0.006259398191434847,0.0016893625259399414,0.003251704877397042,1.0,{'model__C': 1},0.75,0.5,0.6666666666666666,0.4444444444444444,0.6,0.2857142857142857,0.4,0.0,0.6,0.8,0.5046825396825396,0.22562431232006389,3
0.005248498916625976,0.005685340497123648,0.0027063369750976564,0.0034474467128974185,10.0,{'model__C': 10},0.75,0.5,0.6666666666666666,0.4444444444444444,0.6,0.2857142857142857,0.4,0.0,0.6,0.8,0.5046825396825396,0.22562431232006389,3
