mean_fit_time,std_fit_time,mean_score_time,std_score_time,param_model__C,params,split0_test_score,split1_test_score,split2_test_score,split3_test_score,split4_test_score,split5_test_score,split6_test_score,split7_test_score,split8_test_score,split9_test_score,mean_test_score,std_test_score,rank_test_score
0.015081691741943359,0.00829042759144803,0.009718942642211913,0.00790733861955019,0.01,{'model__C': 0.01},0.5714285714285714,0.75,0.6666666666666666,0.5,0.2857142857142857,1.0,0.75,0.5714285714285714,0.6666666666666666,0.0,0.5761904761904761,0.26050491701958955,2
0.009545373916625976,0.008063556537992858,0.008806586265563965,0.006085250263496001,0.1,{'model__C': 0.1},0.5714285714285714,0.75,0.6666666666666666,0.5,0.2857142857142857,0.8888888888888888,0.75,0.5714285714285714,0.8,0.0,0.5784126984126984,0.25271511271291164,1
0.01387176513671875,0.007111721206676076,0.0068787336349487305,0.005036384039013401,1.0,{'model__C': 1},0.5,0.75,0.75,0.2857142857142857,0.5,0.8,0.75,0.3333333333333333,0.8,0.0,0.5469047619047619,0.25868814782113475,3
0.013342666625976562,0.00462488987334431,0.00421757698059082,0.0046222305199370515,10.0,{'model__C': 10},0.5,0.6666666666666666,0.75,0.2857142857142857,0.5,0.8,0.75,0.3333333333333333,0.8,0.0,0.5385714285714285,0.25329752700768443,4
