mean_fit_time,std_fit_time,mean_score_time,std_score_time,param_model__C,params,split0_test_score,split1_test_score,split2_test_score,split3_test_score,split4_test_score,split5_test_score,split6_test_score,split7_test_score,split8_test_score,split9_test_score,mean_test_score,std_test_score,rank_test_score
0.009981513023376465,0.0019690337773898823,0.008088231086730957,0.002592273196184748,0.01,{'model__C': 0.01},0.8888888888888888,0.5,0.6666666666666666,0.4444444444444444,0.6666666666666666,0.2857142857142857,0.4,0.0,0.6,0.8,0.5252380952380953,0.24686540787326677,1
0.014626860618591309,0.005662534060721527,0.005691742897033692,0.005027843924708102,0.1,{'model__C': 0.1},0.8888888888888888,0.5,0.6666666666666666,0.4444444444444444,0.6,0.2857142857142857,0.4,0.0,0.6,0.8,0.5185714285714285,0.24383768231903796,2
0.009655499458312988,0.0039901089658095105,0.00556790828704834,0.005292435485910562,1.0,{'model__C': 1},0.75,0.5,0.6666666666666666,0.4444444444444444,0.6,0.2857142857142857,0.4,0.0,0.6,0.8,0.5046825396825396,0.22562431232006389,3
0.011165833473205567,0.008297536390189323,0.00841693878173828,0.006453802743858847,10.0,{'model__C': 10},0.75,0.5,0.6666666666666666,0.4444444444444444,0.6,0.2857142857142857,0.4,0.0,0.6,0.8,0.5046825396825396,0.22562431232006389,3
