mean_fit_time,std_fit_time,mean_score_time,std_score_time,param_model__C,params,split0_test_score,split1_test_score,split2_test_score,split3_test_score,split4_test_score,split5_test_score,split6_test_score,split7_test_score,split8_test_score,split9_test_score,mean_test_score,std_test_score,rank_test_score
0.006076383590698242,0.006401393845938701,0.0010253429412841798,0.0014366710501103831,0.01,{'model__C': 0.01},0.8,0.5714285714285714,0.0,0.5,0.6666666666666666,0.6666666666666666,0.5,1.0,1.0,0.4,0.6104761904761904,0.28082159990829886,3
0.0024517297744750975,0.005384164303393492,0.005193638801574707,0.006904863335681986,0.1,{'model__C': 0.1},0.8,0.6666666666666666,0.0,0.5,0.6666666666666666,0.6666666666666666,0.5,1.0,1.0,0.4,0.62,0.28095076674273967,2
0.002020406723022461,0.004829759072919118,0.005186557769775391,0.007323204318125008,1.0,{'model__C': 1},0.6666666666666666,0.6666666666666666,0.0,0.8,0.6666666666666666,0.6666666666666666,0.5,1.0,1.0,0.4,0.6366666666666667,0.278268455512538,1
0.005479931831359863,0.00044469314466738025,0.0024156570434570312,0.0004998029355603039,10.0,{'model__C': 10},0.8,0.6666666666666666,0.0,0.8,0.8,0.4,0.5,0.6666666666666666,1.0,0.4,0.6033333333333333,0.27180466842528256,4
