mean_fit_time,std_fit_time,mean_score_time,std_score_time,param_model__C,params,split0_test_score,split1_test_score,split2_test_score,split3_test_score,split4_test_score,split5_test_score,split6_test_score,split7_test_score,split8_test_score,split9_test_score,mean_test_score,std_test_score,rank_test_score
0.01603074073791504,0.004648798627323934,0.008758258819580079,0.002585210549227106,0.01,{'model__C': 0.01},0.8,0.5714285714285714,0.5,0.0,0.8,0.6666666666666666,0.5,1.0,1.0,0.6666666666666666,0.6504761904761905,0.2764465151470741,1
0.013493990898132325,0.00456441690037818,0.009531974792480469,0.0023199928827340715,0.1,{'model__C': 0.1},0.8,0.6666666666666666,0.0,0.6666666666666666,0.8,0.6666666666666666,0.5,1.0,1.0,0.4,0.65,0.2825479310370779,2
0.020271563529968263,0.004806744728237869,0.01121065616607666,0.00288390420543962,1.0,{'model__C': 1},1.0,0.6666666666666666,0.0,0.6666666666666666,0.5,0.6666666666666666,0.5,1.0,1.0,0.4,0.64,0.29955522584881294,3
0.02491014003753662,0.003581958840791595,0.011601114273071289,0.0009491264515968714,10.0,{'model__C': 10},0.6666666666666666,0.6666666666666666,0.0,0.6666666666666666,0.5,0.4,0.5,1.0,1.0,0.4,0.5800000000000001,0.28095076674273967,4
