mean_fit_time,std_fit_time,mean_score_time,std_score_time,param_model__C,params,split0_test_score,split1_test_score,split2_test_score,split3_test_score,split4_test_score,split5_test_score,split6_test_score,split7_test_score,split8_test_score,split9_test_score,mean_test_score,std_test_score,rank_test_score
0.012839865684509278,0.008416260182637539,0.010564470291137695,0.004743448315355092,0.01,{'model__C': 0.01},0.8,0.5714285714285714,0.0,0.5,0.6666666666666666,0.6666666666666666,0.5,1.0,1.0,0.4,0.6104761904761904,0.28082159990829886,3
0.010334134101867676,0.002756890648054525,0.010399103164672852,0.0031447002304845306,0.1,{'model__C': 0.1},0.8,0.6666666666666666,0.0,0.5,0.6666666666666666,0.6666666666666666,0.5,1.0,1.0,0.4,0.62,0.28095076674273967,2
0.009075427055358886,0.0066887480508634875,0.010209751129150391,0.006138379979179515,1.0,{'model__C': 1},0.6666666666666666,0.6666666666666666,0.0,0.8,0.6666666666666666,0.6666666666666666,0.5,1.0,1.0,0.4,0.6366666666666667,0.278268455512538,1
0.016582465171813963,0.0055345268617400505,0.00773768424987793,0.007090545699314296,10.0,{'model__C': 10},0.8,0.6666666666666666,0.0,0.8,0.8,0.4,0.5,0.6666666666666666,1.0,0.4,0.6033333333333333,0.27180466842528256,4
