mean_fit_time,std_fit_time,mean_score_time,std_score_time,param_model__C,params,split0_test_score,split1_test_score,split2_test_score,split3_test_score,split4_test_score,split5_test_score,split6_test_score,split7_test_score,split8_test_score,split9_test_score,mean_test_score,std_test_score,rank_test_score
0.011981344223022461,0.006709864582351077,0.007954287528991699,0.0058428138035833055,0.01,{'model__C': 0.01},0.8,0.5714285714285714,0.0,0.5,0.6666666666666666,0.6666666666666666,0.5,1.0,1.0,0.4,0.6104761904761904,0.28082159990829886,3
0.01267414093017578,0.007512942641130262,0.006606388092041016,0.006624788992814832,0.1,{'model__C': 0.1},0.8,0.6666666666666666,0.0,0.5,0.6666666666666666,0.6666666666666666,0.5,1.0,1.0,0.4,0.62,0.28095076674273967,2
0.01070077419281006,0.006617095560274906,0.006343483924865723,0.006163304785700112,1.0,{'model__C': 1},0.6666666666666666,0.6666666666666666,0.0,0.8,0.6666666666666666,0.6666666666666666,0.5,1.0,1.0,0.4,0.6366666666666667,0.278268455512538,1
0.017587828636169433,0.0064528524387152215,0.008779597282409669,0.00661420341821299,10.0,{'model__C': 10},0.8,0.6666666666666666,0.0,0.8,0.8,0.4,0.5,0.6666666666666666,1.0,0.4,0.6033333333333333,0.27180466842528256,4
