mean_fit_time,std_fit_time,mean_score_time,std_score_time,param_model__C,params,split0_test_score,split1_test_score,split2_test_score,split3_test_score,split4_test_score,split5_test_score,split6_test_score,split7_test_score,split8_test_score,split9_test_score,mean_test_score,std_test_score,rank_test_score
0.008764863014221191,0.007325265585954495,0.011425638198852539,0.006640112478887457,0.01,{'model__C': 0.01},0.8,0.5714285714285714,0.0,0.5,0.6666666666666666,0.6666666666666666,0.5,1.0,1.0,0.4,0.6104761904761904,0.28082159990829886,3
0.011929774284362793,0.003950793580558776,0.005630898475646973,0.003908131118501264,0.1,{'model__C': 0.1},0.8,0.6666666666666666,0.0,0.5,0.6666666666666666,0.6666666666666666,0.5,1.0,1.0,0.4,0.62,0.28095076674273967,2
0.009951925277709961,0.007023843628089848,0.007446479797363281,0.006833866010215048,1.0,{'model__C': 1},0.6666666666666666,0.6666666666666666,0.0,0.8,0.6666666666666666,0.6666666666666666,0.5,1.0,1.0,0.4,0.6366666666666667,0.278268455512538,1
0.015503406524658203,0.0035237089187138415,0.00852823257446289,0.003982218275968282,10.0,{'model__C': 10},0.8,0.6666666666666666,0.0,0.8,0.8,0.4,0.5,0.6666666666666666,1.0,0.4,0.6033333333333333,0.27180466842528256,4
