mean_fit_time,std_fit_time,mean_score_time,std_score_time,param_model__C,params,split0_test_score,split1_test_score,split2_test_score,split3_test_score,split4_test_score,split5_test_score,split6_test_score,split7_test_score,split8_test_score,split9_test_score,mean_test_score,std_test_score,rank_test_score
0.016287994384765626,0.0019494405036245025,0.009140849113464355,0.001305510902981005,0.01,{'model__C': 0.01},0.5714285714285714,0.0,0.5714285714285714,0.75,0.4444444444444444,0.6,0.4444444444444444,0.3333333333333333,0.6666666666666666,0.3333333333333333,0.47150793650793643,0.20349257422613767,3
0.014091920852661134,0.002532359163608943,0.008615565299987794,0.0014015891376873005,0.1,{'model__C': 0.1},0.5714285714285714,0.0,0.2857142857142857,0.6666666666666666,0.6,0.6,0.5,0.3333333333333333,0.6666666666666666,0.3333333333333333,0.4557142857142857,0.20310570508393339,4
0.011390876770019532,0.0019099465791079361,0.005926656723022461,0.0008329075297261121,1.0,{'model__C': 1},0.5714285714285714,0.0,0.2857142857142857,0.6666666666666666,0.6,0.6,0.6666666666666666,0.3333333333333333,0.6666666666666666,0.4,0.4790476190476191,0.20922272739801462,2
0.011141586303710937,0.001148762958577316,0.005762124061584472,0.0006394398421326525,10.0,{'model__C': 10},0.6666666666666666,0.0,0.2857142857142857,0.6666666666666666,0.6666666666666666,0.6,0.6666666666666666,0.3333333333333333,0.6666666666666666,0.4,0.49523809523809526,0.21962656411372256,1
