mean_fit_time,std_fit_time,mean_score_time,std_score_time,param_model__C,params,split0_test_score,split1_test_score,split2_test_score,split3_test_score,split4_test_score,split5_test_score,split6_test_score,split7_test_score,split8_test_score,split9_test_score,mean_test_score,std_test_score,rank_test_score
0.010298013687133789,0.000969646667008131,0.006063675880432129,0.0005771319947491748,0.01,{'model__C': 0.01},0.5,0.5,0.0,0.2857142857142857,0.4444444444444444,0.6,0.4444444444444444,0.6666666666666666,0.5714285714285714,0.25,0.42626984126984124,0.18791212371304622,1
0.00935375690460205,0.0006069923815350298,0.0053555965423583984,0.0006780979157943757,0.1,{'model__C': 0.1},0.5,0.2857142857142857,0.0,0.2857142857142857,0.4444444444444444,0.6,0.4444444444444444,0.6666666666666666,0.5714285714285714,0.25,0.40484126984126984,0.19048295292228498,2
0.009685063362121582,0.0003284125266234393,0.005325436592102051,0.0004664734808832781,1.0,{'model__C': 1},0.5,0.2857142857142857,0.0,0.2857142857142857,0.5,0.6,0.4444444444444444,0.6666666666666666,0.3333333333333333,0.25,0.3865873015873016,0.18556786046889226,3
0.011668920516967773,0.0013379722213588388,0.006052446365356445,0.000605473196748538,10.0,{'model__C': 10},0.5,0.2857142857142857,0.0,0.2857142857142857,0.5,0.6,0.4444444444444444,0.6666666666666666,0.3333333333333333,0.25,0.3865873015873016,0.18556786046889226,3
