mean_fit_time,std_fit_time,mean_score_time,std_score_time,param_model__C,params,split0_test_score,split1_test_score,split2_test_score,split3_test_score,split4_test_score,split5_test_score,split6_test_score,split7_test_score,split8_test_score,split9_test_score,mean_test_score,std_test_score,rank_test_score
0.003719592094421387,0.003477280582415149,0.006087017059326172,0.006180973518072073,0.01,{'model__C': 0.01},0.4444444444444444,0.5,0.75,0.5,0.6,0.6,0.5,0.5,0.2857142857142857,0.4,0.508015873015873,0.1186854013339295,1
0.004549050331115722,0.004322970388611064,0.004572916030883789,0.00357309881110761,0.1,{'model__C': 0.1},0.4444444444444444,0.25,0.6666666666666666,0.5,0.6,0.6,0.5,0.2857142857142857,0.3333333333333333,0.4444444444444444,0.4624603174603174,0.1326855247405932,2
0.005415701866149902,0.0026057583399885925,0.003949165344238281,0.0028455680573141323,1.0,{'model__C': 1},0.4444444444444444,0.25,0.6666666666666666,0.5,0.6,0.25,0.5,0.0,0.3333333333333333,0.4444444444444444,0.3988888888888889,0.18560544904729867,3
0.004335331916809082,0.004634553683329045,0.004810500144958496,0.005886976095510666,10.0,{'model__C': 10},0.4444444444444444,0.25,0.6666666666666666,0.5,0.6,0.25,0.5,0.0,0.3333333333333333,0.4444444444444444,0.3988888888888889,0.18560544904729867,3
