mean_fit_time,std_fit_time,mean_score_time,std_score_time,param_model__C,params,split0_test_score,split1_test_score,split2_test_score,split3_test_score,split4_test_score,split5_test_score,split6_test_score,split7_test_score,split8_test_score,split9_test_score,mean_test_score,std_test_score,rank_test_score
0.021785163879394533,0.005781345683053534,0.0136580228805542,0.007522123724022226,0.01,{'model__C': 0.01},0.2857142857142857,0.3333333333333333,0.4,0.5,0.5454545454545454,0.6666666666666666,0.2857142857142857,1.0,0.4444444444444444,0.6666666666666666,0.5127994227994228,0.20944792938646895,1
0.016601300239562987,0.0019055172366738338,0.009234952926635741,0.0008721697173721502,0.1,{'model__C': 0.1},0.2857142857142857,0.3333333333333333,0.4,0.5,0.5454545454545454,0.4444444444444444,0.0,1.0,0.4444444444444444,0.6666666666666666,0.46200577200577203,0.24602383309394496,2
0.014333558082580567,0.0015877998542666524,0.008563494682312012,0.0012736242545166752,1.0,{'model__C': 1},0.2857142857142857,0.3333333333333333,0.4,0.5,0.5454545454545454,0.4444444444444444,0.0,1.0,0.4444444444444444,0.6666666666666666,0.46200577200577203,0.24602383309394496,2
0.013832187652587891,0.0019045264620249182,0.0074455499649047855,0.0011281903348651157,10.0,{'model__C': 10},0.2857142857142857,0.2857142857142857,0.4,0.5,0.5454545454545454,0.4444444444444444,0.0,1.0,0.4,0.6666666666666666,0.45279942279942276,0.24949711482230505,4
