mean_fit_time,std_fit_time,mean_score_time,std_score_time,param_model__C,params,split0_test_score,split1_test_score,split2_test_score,split3_test_score,split4_test_score,split5_test_score,split6_test_score,split7_test_score,split8_test_score,split9_test_score,mean_test_score,std_test_score,rank_test_score
0.004750728607177734,0.0023251220171703183,0.005682611465454101,0.0024663584346686415,0.01,{'model__C': 0.01},0.5,0.5,0.0,0.2857142857142857,0.4444444444444444,0.6,0.4444444444444444,0.6666666666666666,0.5714285714285714,0.25,0.42626984126984124,0.18791212371304622,1
0.005851960182189942,0.0027891165286899017,0.006127715110778809,0.0036914583975024232,0.1,{'model__C': 0.1},0.5,0.2857142857142857,0.0,0.2857142857142857,0.4444444444444444,0.6,0.4444444444444444,0.6666666666666666,0.5714285714285714,0.25,0.40484126984126984,0.19048295292228498,2
0.005953788757324219,0.005030853984103156,0.0034566402435302736,0.003487979208975563,1.0,{'model__C': 1},0.5,0.2857142857142857,0.0,0.2857142857142857,0.5,0.6,0.4444444444444444,0.6666666666666666,0.3333333333333333,0.25,0.3865873015873016,0.18556786046889226,3
0.0060161113739013675,0.0064611003566371755,0.0045659542083740234,0.004799273944119746,10.0,{'model__C': 10},0.5,0.2857142857142857,0.0,0.2857142857142857,0.5,0.6,0.4444444444444444,0.6666666666666666,0.3333333333333333,0.25,0.3865873015873016,0.18556786046889226,3
