{
  "accuracy": 0.35714285714285715,
  "balanced_accuracy": 0.3666666666666667,
  "precision": 0.25,
  "recall": 0.4,
  "f1": 0.3076923076923077,
  "confusion_matrix": [
    [
      3,
      6
    ],
    [
      3,
      2
    ]
  ],
  "test_size": 14,
  "roc_auc": 0.4222222222222223
}