mean_fit_time,std_fit_time,mean_score_time,std_score_time,param_model__C,param_model__gamma,params,split0_test_score,split1_test_score,split2_test_score,split3_test_score,split4_test_score,mean_test_score,std_test_score,rank_test_score
0.0,0.0,0.016028594970703126,0.0001813954859543415,0.1,scale,"{'model__C': 0.1, 'model__gamma': 'scale'}",0.5882352941176471,0.0,0.0,0.0,0.0,0.11764705882352941,0.23529411764705882,7
0.005238866806030274,0.004295422968814029,0.01010274887084961,0.006454654778540069,0.1,0.1,"{'model__C': 0.1, 'model__gamma': 0.1}",0.5882352941176471,0.0,0.0,0.0,0.0,0.11764705882352941,0.23529411764705882,7
0.014344549179077149,0.003018375846445097,0.006364154815673828,0.00779452030089089,0.1,0.01,"{'model__C': 0.1, 'model__gamma': 0.01}",0.5882352941176471,0.0,0.0,0.0,0.0,0.11764705882352941,0.23529411764705882,7
0.010753107070922852,0.009074666122098358,0.01047062873840332,0.006759325755567732,1.0,scale,"{'model__C': 1, 'model__gamma': 'scale'}",0.7692307692307693,0.6666666666666666,0.3333333333333333,0.4444444444444444,0.5714285714285714,0.557020757020757,0.15490151036672248,3
0.014438867568969727,0.0028286021984002636,0.006653738021850586,0.006294379255393709,1.0,0.1,"{'model__C': 1, 'model__gamma': 0.1}",0.6666666666666666,0.75,0.3333333333333333,0.4444444444444444,0.5714285714285714,0.5531746031746032,0.14973731933695483,4
0.009125518798828124,0.003933653255168377,0.0033213138580322266,0.0036425485728163445,1.0,0.01,"{'model__C': 1, 'model__gamma': 0.01}",0.6153846153846154,0.8888888888888888,0.6,0.5454545454545454,0.5714285714285714,0.6442313242313242,0.12466191033342074,1
0.006200170516967774,0.008649432980902375,0.010454034805297852,0.006863251716384117,10.0,scale,"{'model__C': 10, 'model__gamma': 'scale'}",0.7272727272727273,0.75,0.4,0.4,0.3333333333333333,0.5221212121212122,0.1785967134138828,5
0.0077423095703125,0.005069744570336383,0.006098651885986328,0.005208375263392637,10.0,0.1,"{'model__C': 10, 'model__gamma': 0.1}",0.6,0.75,0.4,0.4,0.3333333333333333,0.4966666666666667,0.15506271132817342,6
0.015852642059326173,2.0835874195021927e-05,0.0,0.0,10.0,0.01,"{'model__C': 10, 'model__gamma': 0.01}",0.7142857142857143,0.5714285714285714,0.5,0.6,0.6666666666666666,0.6104761904761904,0.07452951446290991,2
