mean_fit_time,std_fit_time,mean_score_time,std_score_time,param_model__C,param_model__gamma,params,split0_test_score,split1_test_score,split2_test_score,split3_test_score,split4_test_score,mean_test_score,std_test_score,rank_test_score
0.0032876968383789063,0.00037706145446454514,0.002608966827392578,0.0007867180394249706,0.1,scale,"{'model__C': 0.1, 'model__gamma': 'scale'}",0.5882352941176471,0.0,0.0,0.0,0.0,0.11764705882352941,0.23529411764705882,7
0.0031729698181152343,0.0002537811665673765,0.0025867938995361326,0.00048375846242697604,0.1,0.1,"{'model__C': 0.1, 'model__gamma': 0.1}",0.5882352941176471,0.0,0.0,0.0,0.0,0.11764705882352941,0.23529411764705882,7
0.0030551910400390624,0.00013770794601791162,0.002385520935058594,0.0004982083213582325,0.1,0.01,"{'model__C': 0.1, 'model__gamma': 0.01}",0.5882352941176471,0.0,0.0,0.0,0.0,0.11764705882352941,0.23529411764705882,7
0.003276681900024414,0.0005509468351552738,0.0023758411407470703,0.0004003831566319063,1.0,scale,"{'model__C': 1, 'model__gamma': 'scale'}",0.6666666666666666,0.75,0.5,0.8571428571428571,0.6666666666666666,0.6880952380952381,0.11722412976277305,3
0.0029952526092529297,0.00036436034928772904,0.002090167999267578,0.00011205352616289275,1.0,0.1,"{'model__C': 1, 'model__gamma': 0.1}",0.6666666666666666,0.75,0.5,0.8571428571428571,0.6666666666666666,0.6880952380952381,0.11722412976277305,3
0.002744579315185547,0.0003869333779143484,0.002021121978759766,4.571831519015626e-05,1.0,0.01,"{'model__C': 1, 'model__gamma': 0.01}",0.7272727272727273,0.8,0.6666666666666666,0.6666666666666666,0.6666666666666666,0.7054545454545453,0.05277949347170244,2
0.0029748916625976563,5.1340904255099394e-05,0.002053356170654297,0.00010405091589020433,10.0,scale,"{'model__C': 10, 'model__gamma': 'scale'}",0.5,0.3333333333333333,0.5714285714285714,0.6666666666666666,0.8,0.5742857142857142,0.1568857926245638,6
0.003049898147583008,0.00013758825314476094,0.002018165588378906,5.266091650826443e-05,10.0,0.1,"{'model__C': 10, 'model__gamma': 0.1}",0.5,0.3333333333333333,0.5714285714285714,0.8571428571428571,0.8,0.6123809523809524,0.1935373073657987,5
0.0030782222747802734,0.00015760496022320544,0.0020256519317626955,5.009977143824966e-05,10.0,0.01,"{'model__C': 10, 'model__gamma': 0.01}",0.9090909090909091,0.75,0.5,0.8,0.6666666666666666,0.7251515151515151,0.13723492689799446,1
