feature,importance
EDAD,0.19573051883482429
ADRENALINA_N,0.1733421026705815
IMC,0.17024661092112606
CAPNOMETRIA_MEDIO,0.14493004337335916
GRUPO_SANGUINEO,0.08494184876003494
COLESTEROL,0.0684454986439863
CAUSA_FALLECIMIENTO_DANC,0.058735521646797496
CARDIOCOMPRESION_EXTRAHOSPITALARIA,0.043170542589113785
CAPNOMETRIA_MEDIO_MISSING,0.02213090248029814
RECUPERACION_ALGUN_MOMENTO,0.01932908186114249
SEXO,0.018997328218735895
ADRENALINA_N_MISSING,0.0
