feature,importance
EDAD,0.2313087202744231
IMC,0.17576900743202595
CAPNOMETRIA_MEDIO,0.16351013578832818
ADRENALINA_N,0.15260524582958088
GRUPO_SANGUINEO,0.09661482745304728
COLESTEROL,0.059776537822223225
CAUSA_FALLECIMIENTO_DANC,0.053508475857865265
CARDIOCOMPRESION_EXTRAHOSPITALARIA,0.027854039686778985
CAPNOMETRIA_MEDIO_MISSING,0.017442250487193913
RECUPERACION_ALGUN_MOMENTO,0.014192962492757689
SEXO,0.007417796875775676
ADRENALINA_N_MISSING,0.0
