mean_fit_time,std_fit_time,mean_score_time,std_score_time,param_model__C,params,split0_test_score,split1_test_score,split2_test_score,split3_test_score,split4_test_score,split5_test_score,split6_test_score,split7_test_score,split8_test_score,split9_test_score,mean_test_score,std_test_score,rank_test_score
0.00593869686126709,0.006122272853216482,0.0023149967193603514,0.0036435860835023013,0.01,{'model__C': 0.01},0.2857142857142857,0.4444444444444444,0.3333333333333333,0.75,0.2857142857142857,0.75,0.6666666666666666,0.75,0.25,0.3333333333333333,0.48492063492063486,0.20639346289752725,1
0.003735804557800293,0.004544565940472753,0.0019185066223144532,0.0031494555584229726,0.1,{'model__C': 0.1},0.2857142857142857,0.4444444444444444,0.3333333333333333,0.2857142857142857,0.2857142857142857,0.75,0.6666666666666666,0.75,0.25,0.4,0.4451587301587302,0.19074103611216664,2
0.002581167221069336,0.004809253734664611,0.005070614814758301,0.0071277263092578,1.0,{'model__C': 1},0.2857142857142857,0.4444444444444444,0.3333333333333333,0.25,0.2857142857142857,0.75,0.6666666666666666,0.75,0.25,0.4,0.44158730158730164,0.1939995558355717,3
0.0035900592803955076,0.00723677124655306,0.004963231086730957,0.006752817189060291,10.0,{'model__C': 10},0.2857142857142857,0.25,0.3333333333333333,0.25,0.2857142857142857,0.75,0.6666666666666666,0.8571428571428571,0.2857142857142857,0.4,0.4364285714285714,0.21862031303115742,4
