mean_fit_time,std_fit_time,mean_score_time,std_score_time,param_model__C,params,split0_test_score,split1_test_score,split2_test_score,split3_test_score,split4_test_score,mean_test_score,std_test_score,rank_test_score
0.010115432739257812,0.0083025221070734,0.0038295269012451174,0.006229720404565075,0.01,{'model__C': 0.01},0.07142857142857142,0.26666666666666666,0.43902439024390244,0.30303030303030304,0.41025641025641024,0.2980812683251708,0.13025439818744625,4
0.007245826721191406,0.007250120626221162,0.000763845443725586,0.001527690887451172,0.1,{'model__C': 0.1},0.14285714285714285,0.26666666666666666,0.46153846153846156,0.3125,0.3684210526315789,0.31039666473877003,0.10601594264364764,3
0.003180074691772461,0.006360149383544922,0.006336212158203125,0.007760412695877055,1.0,{'model__C': 1},0.14285714285714285,0.3225806451612903,0.42105263157894735,0.3125,0.3684210526315789,0.3134822944457919,0.09358026696340101,2
0.00636448860168457,0.007795113407463753,0.0031972408294677736,0.006394481658935547,10.0,{'model__C': 10},0.14285714285714285,0.375,0.41025641025641024,0.3125,0.3684210526315789,0.32180692114902637,0.09480014234890607,1
