mean_fit_time,std_fit_time,mean_score_time,std_score_time,param_model__C,params,split0_test_score,split1_test_score,split2_test_score,split3_test_score,split4_test_score,mean_test_score,std_test_score,rank_test_score
0.004547500610351562,0.0023149452256979656,0.0014086723327636718,0.0012107408012396613,0.01,{'model__C': 0.01},0.7,0.5,0.6153846153846154,0.46153846153846156,0.5,0.5553846153846154,0.08883200020462799,1
0.006335926055908203,0.005232756401748676,0.0036900997161865234,0.003984133070043237,0.1,{'model__C': 0.1},0.6666666666666666,0.46153846153846156,0.46153846153846156,0.46153846153846156,0.46153846153846156,0.5025641025641027,0.08205128205128202,4
0.004732751846313476,0.005792304009463203,0.0006032466888427734,0.0012064933776855466,1.0,{'model__C': 1},0.6666666666666666,0.42857142857142855,0.46153846153846156,0.5454545454545454,0.46153846153846156,0.5127539127539127,0.08612920843194641,3
0.005302524566650391,0.006447611187219317,0.004145288467407226,0.00581322082642951,10.0,{'model__C': 10},0.6666666666666666,0.42857142857142855,0.46153846153846156,0.6,0.46153846153846156,0.5236630036630037,0.09277791737691085,2
