mean_fit_time,std_fit_time,mean_score_time,std_score_time,param_model__C,params,split0_test_score,split1_test_score,split2_test_score,split3_test_score,split4_test_score,mean_test_score,std_test_score,rank_test_score
0.006714677810668946,0.005349804697236348,0.0008059024810791015,0.001611804962158203,0.01,{'model__C': 0.01},0.625,0.42857142857142855,0.5454545454545454,0.625,0.5555555555555556,0.5559163059163058,0.0719324821416066,1
0.005227279663085937,0.006209764590210324,0.0018108367919921875,0.001795436385978349,0.1,{'model__C': 0.1},0.6666666666666666,0.42857142857142855,0.5,0.5882352941176471,0.47058823529411764,0.530812324929972,0.08577102166500677,2
0.003978633880615234,0.002810218683038758,0.003198862075805664,0.0018561483598973482,1.0,{'model__C': 1},0.6666666666666666,0.42857142857142855,0.5,0.5555555555555556,0.5,0.5301587301587302,0.07926978405830966,3
0.0051711082458496095,0.00585384225337269,0.0006018638610839844,0.0012037277221679688,10.0,{'model__C': 10},0.6666666666666666,0.42857142857142855,0.5,0.5555555555555556,0.4,0.5101587301587301,0.09534174254228968,4
