mean_fit_time,std_fit_time,mean_score_time,std_score_time,param_model__C,params,split0_test_score,split1_test_score,split2_test_score,split3_test_score,split4_test_score,mean_test_score,std_test_score,rank_test_score
0.009575653076171874,0.007818606012237966,0.003210592269897461,0.006421184539794922,0.01,{'model__C': 0.01},0.5641025641025641,0.5555555555555556,0.5333333333333333,0.43243243243243246,0.6451612903225806,0.5461170351492932,0.06827875413191059,1
0.0,0.0,0.009594917297363281,0.007835661414182408,0.1,{'model__C': 0.1},0.5789473684210527,0.5263157894736842,0.5161290322580645,0.4864864864864865,0.5806451612903226,0.537704767585922,0.03677869772380318,2
0.006355428695678711,0.007783827880747936,0.0032415390014648438,0.0064830780029296875,1.0,{'model__C': 1},0.5789473684210527,0.5128205128205128,0.5333333333333333,0.47058823529411764,0.5806451612903226,0.5352669222318678,0.041612686923136175,3
0.006414079666137695,0.007856387644586156,0.0032010555267333986,0.006402111053466797,10.0,{'model__C': 10},0.5789473684210527,0.5128205128205128,0.5333333333333333,0.47058823529411764,0.5806451612903226,0.5352669222318678,0.041612686923136175,3
