feature,importance
CAPNOMETRIA_TRANSFERENCIA,0.2594483145380559
EDAD,0.16572800941785468
ADRENALINA_N,0.1597922769823354
IMC,0.09482594490504206
COLESTEROL,0.08486219221441987
CARDIOCOMPRESION_EXTRAHOSPITALARIA,0.07185984110653848
CAUSA_FALLECIMIENTO_DANC,0.04517781587724169
GRUPO_SANGUINEO,0.042799204052696334
CAPNOMETRIA_TRANSFERENCIA_MISSING,0.040281176566033174
SEXO,0.019054979784291326
RECUPERACION_ALGUN_MOMENTO,0.016170244555491035
ADRENALINA_N_MISSING,0.0
