{
  "accuracy": 0.7142857142857143,
  "balanced_accuracy": 0.7333333333333334,
  "precision": 0.5714285714285714,
  "recall": 0.8,
  "f1": 0.6666666666666666,
  "confusion_matrix": [
    [
      6,
      3
    ],
    [
      1,
      4
    ]
  ],
  "test_size": 14,
  "roc_auc": 0.688888888888889
}